instance,seed,cpu,cap,arm,sha,reported_answer,verified_sat_model,conflicts,instructions,cycles,branches,branch_misses,wall_s,record_id
break_unsat_06_07,0,2,10000000,baseline-mode-matched,0263862,unsat,False,28619,6672690360,3996945503,1376957805,73026386,0.916348,93d3e3b21977e01d
break_unsat_06_07,0,2,10000000,candidate-eager-normalization,2bd403c,unsat,False,28619,6583957293,3648018347,1368038926,63106549,0.820996,d526888a4ec5f7cc
break_unsat_06_07,0,2,10000000,candidate-watch-move-value,df07e94,unsat,False,28619,6638135820,4000048141,1377222241,73081501,0.866178,a03aedc3c22a47e8
break_unsat_06_07,0,10,10000000,candidate-compact-trail,162644c,unsat,False,28619,6635784132,4326696600,1377051966,70862375,1.016147,6cb00c616b6ee781
break_unsat_06_07,0,10,10000000,candidate-eager-normalization,2bd403c,unsat,False,28619,6584066053,4501156432,1368063284,60857276,2.131456,17d1f2cf755a1557
break_unsat_06_07,0,10,10000000,candidate-inline-trail,1d217a2,unsat,False,28619,6650323519,4333720307,1377137995,71030856,1.017551,7c0ceedc41fe2ba3
break_unsat_06_07,0,10,10000000,candidate-specialized-propagation,de17156,unsat,False,28619,6637569274,4350990506,1352104542,70601603,1.016382,70378f30c33796cc
break_unsat_06_07,1,2,10000000,baseline-mode-matched,0263862,unsat,False,33293,7940570746,5617469002,1635032658,87054705,2.433191,fe6b935f1d33b3e3
break_unsat_06_07,1,2,10000000,candidate-eager-final,219bed6,unsat,False,33293,7838504079,4289642501,1624827884,74163495,1.023859,50fa8316e92aed2a
break_unsat_06_07,1,2,10000000,candidate-eager-normalization,2bd403c,unsat,False,33293,7838176514,5948437205,1624813761,76246715,3.751806,5141e7ce534758c0
break_unsat_06_07,2,2,10000000,baseline-mode-matched,0263862,unsat,False,34469,8696459658,5293096690,1790078232,95926022,1.236561,335a7b2a5f5f5a91
break_unsat_06_07,2,2,10000000,candidate-eager-final,219bed6,unsat,False,34469,8571896875,4808988551,1777694215,81992772,1.221274,fb9e756dad124590
break_unsat_06_07,2,2,10000000,candidate-eager-normalization,2bd403c,unsat,False,34469,8570763643,4815910999,1777463892,81973475,1.124138,9ed62f827b4e0f3b
break_unsat_06_07,3,2,10000000,baseline-mode-matched,0263862,unsat,False,33158,8143494035,4957179497,1678493156,90438920,1.168609,cabe4d5cd9d66793
break_unsat_06_07,3,2,10000000,candidate-eager-final,219bed6,unsat,False,33158,8029301951,5674817591,1667108492,79974379,4.248541,350c8de7b4e3733a
break_unsat_06_07,3,2,10000000,candidate-eager-normalization,2bd403c,unsat,False,33158,8028518566,4504796368,1666976191,77505130,1.068148,df1ffaceef144206
circuit_48in64out,0,2,10000000,baseline-mode-matched,0263862,sat,True,162529,63006496216,45834572736,13405711369,663021944,9.36352,35ccfa9412f270f8
circuit_48in64out,0,2,10000000,candidate-eager-normalization,2bd403c,sat,True,162529,62255197019,42906915426,13340245190,572030799,8.828993,b5c411a27f1227b5
circuit_48in64out,0,2,10000000,candidate-watch-move-value,df07e94,sat,True,162529,62731430750,45416824891,13406689823,662111040,9.235697,cccda2ab8d59258b
circuit_48in64out,0,10,10000000,candidate-compact-trail,162644c,sat,True,162529,62856117244,42765185943,13405884070,651011588,9.482148,9e80bacb87a27055
circuit_48in64out,0,10,10000000,candidate-eager-normalization,2bd403c,sat,True,162529,62255135811,49110611975,13340228815,560801553,12.640041,272a6b960b112bbe
circuit_48in64out,0,10,10000000,candidate-inline-trail,1d217a2,sat,True,162529,62914191527,41543023647,13406683893,652667610,9.188513,cf86f6f11f5fb6c4
circuit_48in64out,0,10,10000000,candidate-specialized-propagation,de17156,sat,True,162529,62689902575,43672525343,13231467603,642436270,9.688906,c942d653096ffc49
circuit_48in64out,1,2,10000000,baseline-mode-matched,0263862,sat,True,186114,71520272905,50793563582,15215481219,769025851,11.25001,555f3e95daed9e1f
circuit_48in64out,1,2,10000000,candidate-eager-final,219bed6,sat,True,186114,70653168340,45683371337,15139658219,664324134,10.531297,a6b0151744a458c1
circuit_48in64out,1,2,10000000,candidate-eager-normalization,2bd403c,sat,True,186114,70652456971,48831222586,15139698970,664953780,11.526762,6af3c16a24d541f0
circuit_48in64out,2,2,10000000,baseline-mode-matched,0263862,sat,True,197665,71486296521,51253065635,15192269922,766288505,11.21763,f554a795a03e0d10
circuit_48in64out,2,2,10000000,candidate-eager-final,219bed6,sat,True,197665,70630053832,51627612456,15117491691,664218671,15.472063,a7c07701fb7bb53d
circuit_48in64out,2,2,10000000,candidate-eager-normalization,2bd403c,sat,True,197665,70626603227,48337497551,15117051433,663171865,10.633371,629ea1de9e77897c
circuit_48in64out,3,2,10000000,baseline-mode-matched,0263862,sat,True,194500,77405184061,54850531577,16462059878,838287769,12.094342,bb8d097b84f42613
circuit_48in64out,3,2,10000000,candidate-eager-final,219bed6,sat,True,194500,76478193371,57910070953,16381903416,726950381,17.969520,56b1393b9f9e0e6c
circuit_48in64out,3,2,10000000,candidate-eager-normalization,2bd403c,sat,True,194500,76473748710,50284460464,16381236862,724136253,11.125104,17c50010c64fde5f
crn_11_99_u,1,2,10000000,baseline-mode-matched,0263862,unsat,False,90355,11753129813,6967197532,2450809446,118650728,1.988833,7141d5cc5f4bf662
crn_11_99_u,1,2,10000000,candidate-eager-final,219bed6,unsat,False,90355,11612973513,5985830714,2437500558,102619100,1.387779,a977fc85d4e7eaf3
crn_11_99_u,1,2,10000000,candidate-eager-normalization,2bd403c,unsat,False,90355,11610866446,6772884113,2437168500,103353267,2.339113,69beecfb46d90375
crn_11_99_u,2,2,10000000,baseline-mode-matched,0263862,unsat,False,81428,10695850639,6063179094,2242666200,109435872,1.391847,fb0ff880c13db652
crn_11_99_u,2,2,10000000,candidate-eager-final,219bed6,unsat,False,81428,10571023557,6273186449,2230836611,97069422,2.619323,afd42da449107dfb
crn_11_99_u,2,2,10000000,candidate-eager-normalization,2bd403c,unsat,False,81428,10569256044,5531316581,2230549642,95514677,1.219009,d851bb84c55579cd
crn_11_99_u,3,2,10000000,baseline-mode-matched,0263862,unsat,False,81499,10849865543,6201204724,2289317152,111718054,1.428962,cbc3926aea6095ea
crn_11_99_u,3,2,10000000,candidate-eager-final,219bed6,unsat,False,81499,10726437767,6035040212,2277580656,98535077,2.092791,d6e7779c4aeffd4f
crn_11_99_u,3,2,10000000,candidate-eager-normalization,2bd403c,unsat,False,81499,10725093312,5739910212,2277392133,97982662,1.319461,7f0532a19a9e3913
j3037,1,2,10000000,baseline-mode-matched,0263862,unsat,False,342242,262095219100,232878824826,55301096966,2461188547,49.605248,ea325f0a86b90b36
j3037,1,2,10000000,candidate-eager-normalization,2bd403c,unsat,False,342242,260379311731,217458770126,55131777102,2257889783,46.978527,83392d829e5934c4
noL_11_14,1,2,100000,baseline-mode-matched,0263862,unknown,False,100000,18424068359,11307263133,3810688996,191225720,2.578024,d88be509487959ef
noL_11_14,1,2,100000,candidate-eager-normalization,2bd403c,unknown,False,100000,18214186443,10418222800,3791376594,166783984,2.381134,9407d71d1c080877
si2-b03m,1,2,10000000,baseline-mode-matched,0263862,sat,True,27091,19948269201,10975228941,4729337135,31156647,2.535165,9f380be67e368f4a
si2-b03m,1,2,10000000,candidate-eager-final,219bed6,sat,True,27091,19818984206,9931417198,4718637581,29272149,2.331002,f4dbcebe023bd794
si2-b03m,1,2,10000000,candidate-eager-normalization,2bd403c,sat,True,27091,19812551207,11253125526,4717076624,29296865,2.542473,196352f4571033cf
si2-b03m,2,2,10000000,baseline-mode-matched,0263862,sat,True,25703,21542896258,12044045845,5108697873,30947906,2.67457,f8816afb58ee9495
si2-b03m,2,2,10000000,candidate-eager-final,219bed6,sat,True,25703,21395043646,11088275208,5096363217,29256488,2.693030,acac8e9df36c77c6
si2-b03m,2,2,10000000,candidate-eager-normalization,2bd403c,sat,True,25703,21388903759,11178279372,5094862581,29189208,2.530866,e9ab790ba71525a1
si2-b03m,3,2,10000000,baseline-mode-matched,0263862,sat,True,37803,26328155649,10810001688,6233576432,48479482,2.521069,50e8a837afc0742a
si2-b03m,3,2,10000000,candidate-eager-final,219bed6,sat,True,37803,26155330864,14218210208,6219179684,45407097,3.304845,e62355174f4b84b2
si2-b03m,3,2,10000000,candidate-eager-normalization,2bd403c,sat,True,37803,26147849919,11759845653,6217449866,45311985,2.743999,ac3a2eb165f34d53
