mode,family,tasks,domain_width,domain_variables,seed,nixie_instructions,z3_instructions,nixie_over_z3,conflicts,decisions,propagations
solver,unknown,8,16,8,10,52334901,55422647,0.9442872874693264,0,254,272
solver,unknown,8,16,8,11,56065128,53571566,1.046546371259709,0,242,272
solver,unknown,8,16,8,12,53695297,52380192,1.0251069144611,0,228,272
solver,unknown,8,16,8,13,51779363,50805946,1.0191595094007304,0,256,272
solver,unknown,8,16,8,14,51508854,51922697,0.9920296320508929,0,231,272
solver,unknown,8,16,8,15,55429137,52315530,1.0595159219451662,0,235,272
solver,unknown,8,16,8,16,56715168,54141400,1.0475378915210911,0,238,272
solver,unknown,8,16,8,17,52727617,53371492,0.9879359752581022,0,243,272
solver,unknown,8,16,8,18,52277976,51103831,1.0229756747590997,0,243,272
solver,unknown,8,16,8,19,52118561,52410102,0.9944373128676605,0,256,272
solver,present,8,16,8,10,125443724,51745145,2.424260749486739,0,231,272
solver,present,8,16,8,11,124550242,54434768,2.2880641651673796,0,234,272
solver,present,8,16,8,12,131192072,53133846,2.4690866909954154,0,220,272
solver,present,8,16,8,13,122254126,51295518,2.3833295922657416,0,240,272
solver,present,8,16,8,14,126682537,56215091,2.2535325434232596,0,223,272
solver,present,8,16,8,15,130166687,62448897,2.0843712740034466,0,227,272
solver,present,8,16,8,16,127737094,53382780,2.3928520395528294,0,215,272
solver,present,8,16,8,17,121017089,52028707,2.325967643208969,0,235,272
solver,present,8,16,8,18,123722838,52514592,2.355970660497562,0,235,272
solver,present,8,16,8,19,121768658,51288659,2.3741829163441377,0,240,272
solver,sparse,8,16,40,10,729529190,107499315,6.786361289837056,0,1133,1296
solver,sparse,8,16,40,11,729615272,108299111,6.737038423150122,0,1154,1296
solver,sparse,8,16,40,12,668877135,108685982,6.15421715562178,0,1130,1296
solver,sparse,8,16,40,13,737288124,102545266,7.189879677136924,0,1140,1296
solver,sparse,8,16,40,14,758238492,108764301,6.971391210430341,0,1084,1296
solver,sparse,8,16,40,15,712999539,114043668,6.251987080948677,0,1129,1296
solver,sparse,8,16,40,16,702693966,107117054,6.5600568701226605,0,1114,1296
solver,sparse,8,16,40,17,722434023,104197632,6.93330557646454,0,1148,1296
solver,sparse,8,16,40,18,745855979,106746116,6.98719547791322,0,1115,1296
solver,sparse,8,16,40,19,830376342,104247760,7.965411841942695,0,1102,1296
certified,unknown,8,16,8,10,53995460,55422647,0.9742490285604728,0,254,272
certified,unknown,8,16,8,11,57863843,53571566,1.080122298459597,0,242,272
certified,unknown,8,16,8,12,55442244,52380192,1.058458204964197,0,228,272
certified,unknown,8,16,8,13,53408507,50805946,1.051225519942095,0,256,272
certified,unknown,8,16,8,14,53160981,51922697,1.023848607093734,0,231,272
certified,unknown,8,16,8,15,57282706,52315530,1.0949464910323952,0,235,272
certified,unknown,8,16,8,16,58645155,54141400,1.083185048779677,0,238,272
certified,unknown,8,16,8,17,54342011,53371492,1.0181842208945555,0,243,272
certified,unknown,8,16,8,18,53963671,51103831,1.0559613622704724,0,243,272
certified,unknown,8,16,8,19,53751632,52410102,1.02559678284923,0,256,272
certified,present,8,16,8,10,127152350,51745145,2.4572807748437078,0,231,272
certified,present,8,16,8,11,126210342,54434768,2.318561218080327,0,234,272
certified,present,8,16,8,12,133050185,53133846,2.50405711267353,0,220,272
certified,present,8,16,8,13,123908176,51295518,2.4155750995632794,0,240,272
certified,present,8,16,8,14,128540287,56215091,2.286579719314161,0,223,272
certified,present,8,16,8,15,131939262,62448897,2.1127556824582507,0,227,272
certified,present,8,16,8,16,129739771,53382780,2.4303674518262257,0,215,272
certified,present,8,16,8,17,122760614,52028707,2.359478470222218,0,235,272
certified,present,8,16,8,18,125500378,52514592,2.3898191573115524,0,235,272
certified,present,8,16,8,19,123411636,51288659,2.406216859754512,0,240,272
certified,sparse,8,16,40,10,737862628,107499315,6.863882137295479,0,1133,1296
certified,sparse,8,16,40,11,736107966,108299111,6.796989921736292,0,1154,1296
certified,sparse,8,16,40,12,673171699,108685982,6.193730659764384,0,1130,1296
certified,sparse,8,16,40,13,747806734,102545266,7.292454963254959,0,1140,1296
certified,sparse,8,16,40,14,764837262,108764301,7.032061576895529,0,1084,1296
certified,sparse,8,16,40,15,720352897,114043668,6.316465522662775,0,1129,1296
certified,sparse,8,16,40,16,711524050,107117054,6.6424908399739975,0,1114,1296
certified,sparse,8,16,40,17,730364211,104197632,7.009412757096054,0,1148,1296
certified,sparse,8,16,40,18,753102405,106746116,7.055080158607363,0,1115,1296
certified,sparse,8,16,40,19,838878268,104247760,8.046966841301915,0,1102,1296
solver,unknown,8,32,8,10,220042184,66204856,3.3236562586889398,0,420,528
solver,unknown,8,32,8,11,227532554,65140549,3.492948056056451,0,461,528
solver,unknown,8,32,8,12,231620191,68656812,3.37359373750124,0,389,528
solver,unknown,8,32,8,13,222342010,67374066,3.3001126872764366,0,439,528
solver,unknown,8,32,8,14,210857299,64444607,3.271915352048,0,401,528
solver,unknown,8,32,8,15,230805735,66980093,3.4458855558770276,0,427,528
solver,unknown,8,32,8,16,240199037,62848689,3.8218623303343686,0,404,528
solver,unknown,8,32,8,17,189631071,66375606,2.8569392044420656,0,463,528
solver,unknown,8,32,8,18,254878828,65439381,3.894884458029944,0,387,528
solver,unknown,8,32,8,19,216304757,63602319,3.4008941875216845,0,471,528
solver,present,8,32,8,10,523734985,66019940,7.932981838517272,0,412,528
solver,present,8,32,8,11,544668994,64874660,8.395712501614652,0,422,528
solver,present,8,32,8,12,530138035,63920858,8.293662688319985,0,381,528
solver,present,8,32,8,13,515449918,66085978,7.799686614307198,0,431,528
solver,present,8,32,8,14,536255964,64107365,8.36496655259501,0,393,528
solver,present,8,32,8,15,538152858,64197857,8.382723086846964,0,388,528
solver,present,8,32,8,16,561227701,63672861,8.8142372148159,0,365,528
solver,present,8,32,8,17,478232896,64511805,7.413106732946009,0,455,528
solver,present,8,32,8,18,575960638,66450788,8.667476418789796,0,379,528
solver,present,8,32,8,19,487784732,63883923,7.635484940397289,0,449,528
solver,sparse,8,32,40,10,3773841655,174929814,21.57346177135934,0,2123,2576
solver,sparse,8,32,40,11,4106014443,173140964,23.71486416698015,0,2203,2576
solver,sparse,8,32,40,12,3953413140,169328110,23.347648184344585,0,2116,2576
solver,sparse,8,32,40,13,3863671795,171340220,22.54970721410303,0,2192,2576
solver,sparse,8,32,40,14,4105622527,173141668,23.71250418472346,0,2119,2576
solver,sparse,8,32,40,15,3959642846,169479889,23.363496809937136,0,2121,2576
solver,sparse,8,32,40,16,3767802638,176145779,21.390252206951835,0,2127,2576
solver,sparse,8,32,40,17,4331395165,179151785,24.17723700045746,0,2160,2576
solver,sparse,8,32,40,18,3967386915,171617487,23.117614552880617,0,2151,2576
solver,sparse,8,32,40,19,4724598432,171469445,27.553587940988553,0,2003,2576
solver,unknown,16,16,16,10,217062016,158102922,1.3729159034771035,0,470,544
solver,unknown,16,16,16,11,216569973,194333888,1.1144220662121471,0,483,544
solver,unknown,16,16,16,12,205868071,156533721,1.3151675542166406,0,484,544
solver,unknown,16,16,16,13,214688828,165311128,1.298695560289202,0,472,544
solver,unknown,16,16,16,14,231664335,431173734,0.5372876794948739,0,438,544
solver,unknown,16,16,16,15,215993985,184727964,1.1692544015696509,0,470,544
solver,unknown,16,16,16,16,217312088,150748923,1.4415498543893412,0,468,544
solver,unknown,16,16,16,17,205031255,173391372,1.1824766863255456,0,505,544
solver,unknown,16,16,16,18,223304692,181346853,1.231367891451637,0,455,544
solver,unknown,16,16,16,19,228745802,177480424,1.2888508875773252,0,479,544
solver,present,16,16,16,10,789599321,166502146,4.7422771415811065,0,439,544
solver,present,16,16,16,11,731919868,157200563,4.655962129092375,0,452,544
solver,present,16,16,16,12,756863238,162744085,4.650634387111519,0,453,544
solver,present,16,16,16,13,767352777,169314174,4.5321236779621294,0,441,544
solver,present,16,16,16,14,789758757,148405689,5.321620500680401,0,407,544
solver,present,16,16,16,15,787451506,189784595,4.149185585900689,0,439,544
solver,present,16,16,16,16,726643672,159687788,4.550402263697209,0,437,544
solver,present,16,16,16,17,686701593,148973960,4.60954111040614,0,474,544
solver,present,16,16,16,18,792727607,147694546,5.367345162495032,0,424,544
solver,present,16,16,16,19,726290809,154612980,4.697476298561738,0,462,544
solver,sparse,16,16,80,10,3060496920,269583920,11.352668660653054,0,2291,2592
solver,sparse,16,16,80,11,3495491727,263362159,13.272566340861445,0,2247,2592
solver,sparse,16,16,80,12,2983926279,560773223,5.321092656736928,0,2298,2592
solver,sparse,16,16,80,13,3237535187,269130149,12.029626554399893,0,2268,2592
solver,sparse,16,16,80,14,3346832383,290598392,11.517036828613973,0,2199,2592
solver,sparse,16,16,80,15,3223006007,262370248,12.284190115184096,0,2234,2592
solver,sparse,16,16,80,16,2975137618,259661357,11.457760416772373,0,2278,2592
solver,sparse,16,16,80,17,3404766810,250494566,13.592178322942143,0,2273,2592
solver,sparse,16,16,80,18,3139883413,271513530,11.56437181233657,0,2265,2592
solver,sparse,16,16,80,19,3308073715,327004629,10.11629017337244,0,2218,2592
solver,unknown,16,32,16,10,1033674030,192492199,5.3699528363744236,0,831,1056
solver,unknown,16,32,16,11,924436887,185716303,4.977683014721653,0,934,1056
solver,unknown,16,32,16,12,883664275,194298963,4.547961869461959,0,845,1056
solver,unknown,16,32,16,13,1032865402,183894971,5.616604936956106,0,892,1056
solver,unknown,16,32,16,14,953142097,206433414,4.617189041886407,0,887,1056
solver,unknown,16,32,16,15,900947973,207149217,4.349270472984699,0,885,1056
solver,unknown,16,32,16,16,984934561,194517835,5.063466601918534,0,805,1056
solver,unknown,16,32,16,17,862982380,183519364,4.702405027951165,0,923,1056
solver,unknown,16,32,16,18,1005109246,182328649,5.512623778614188,0,822,1056
solver,unknown,16,32,16,19,1005371018,221132042,4.5464737217955955,0,845,1056
solver,present,16,32,16,10,3116835917,190858875,16.33057890024763,0,815,1056
solver,present,16,32,16,11,2952099044,174517543,16.915772438991993,0,887,1056
solver,present,16,32,16,12,3086211877,171426072,18.00316510198052,0,798,1056
solver,present,16,32,16,13,2947642126,192911912,15.279731020446265,0,873,1056
solver,present,16,32,16,14,3019596929,175450019,17.210581943567643,0,848,1056
solver,present,16,32,16,15,3166256035,168562108,18.783913375122243,0,838,1056
solver,present,16,32,16,16,3221438860,169895432,18.961303562299427,0,758,1056
solver,present,16,32,16,17,2911707676,187827258,15.502050698094097,0,899,1056
solver,present,16,32,16,18,3249838706,175364920,18.53186319133838,0,806,1056
solver,present,16,32,16,19,3167307662,178072061,17.786662569149463,0,829,1056
solver,sparse,16,32,80,10,16331600266,431014422,37.89107610417732,0,4431,5152
solver,sparse,16,32,80,11,21031271674,458266153,45.89313772426915,0,4222,5152
solver,sparse,16,32,80,12,19081538770,390484211,48.86635165384446,0,4342,5152
solver,sparse,16,32,80,13,19627865118,392648640,49.98836903650042,0,4294,5152
solver,sparse,16,32,80,14,17604229990,412251643,42.70263148472158,0,4393,5152
solver,sparse,16,32,80,15,20851891664,486493047,42.86164374308108,0,4197,5152
solver,sparse,16,32,80,16,15437529010,398968241,38.69362877432643,0,4465,5152
solver,sparse,16,32,80,17,20221483902,394338389,51.27952151267728,0,4353,5152
solver,sparse,16,32,80,18,18370835063,412343828,44.55222514692278,0,4263,5152
solver,sparse,16,32,80,19,22914583316,433260100,52.8887458503564,0,4127,5152
solver,unknown,32,16,32,10,1017784123,877163454,1.1603129591853698,0,943,1088
solver,unknown,32,16,32,11,1007442458,802811132,1.2548934834650498,0,970,1088
solver,unknown,32,16,32,12,987319581,936934217,1.0537768426916145,0,946,1088
solver,unknown,32,16,32,13,1034796311,720097143,1.4370232142415262,0,953,1088
solver,unknown,32,16,32,14,1123652851,1056099324,1.0639651266361383,0,913,1088
solver,unknown,32,16,32,15,1000168408,722902280,1.3835457926623222,0,948,1088
solver,unknown,32,16,32,16,1017693372,895436169,1.136533688533638,0,921,1088
solver,unknown,32,16,32,17,1017018338,743522717,1.3678376124182363,0,972,1088
solver,unknown,32,16,32,18,1043095262,3460067017,0.3014667799424302,0,958,1088
solver,unknown,32,16,32,19,1060626741,698377995,1.5187001145418393,0,926,1088
solver,present,32,16,32,10,5332731647,1482764738,3.596478598616364,0,881,1088
solver,present,32,16,32,11,5098094024,985059538,5.175417147222222,0,916,1088
solver,present,32,16,32,12,5263026588,1304631469,4.034109795032086,0,884,1088
solver,present,32,16,32,13,5244901386,844571517,6.210132925901171,0,891,1088
solver,present,32,16,32,14,5297301165,1273770258,4.15875714771164,0,860,1088
solver,present,32,16,32,15,5529342158,968787880,5.707484860359731,0,886,1088
solver,present,32,16,32,16,5046889588,1264499524,3.9912150951509573,0,859,1088
solver,present,32,16,32,17,4811352343,944774081,5.092595615988326,0,910,1088
solver,present,32,16,32,18,5177213556,843225483,6.139773596002672,0,881,1088
solver,present,32,16,32,19,5182077790,1023064621,5.065249724826522,0,874,1088
solver,sparse,32,16,160,10,14320282027,1497289377,9.564137866049924,0,4625,5184
solver,sparse,32,16,160,11,17879908313,4583791311,3.9006811392334786,0,4433,5184
solver,sparse,32,16,160,12,15420841785,1265830763,12.182388227358953,0,4558,5184
solver,sparse,32,16,160,13,16205949502,1072535352,15.109944368528376,0,4509,5184
solver,sparse,32,16,160,14,16164312550,1560890976,10.355824204598386,0,4476,5184
solver,sparse,32,16,160,15,16097914139,1595870326,10.087231949070027,0,4495,5184
solver,sparse,32,16,160,16,13339468718,5454431664,2.445620284518794,0,4653,5184
solver,sparse,32,16,160,17,16289871593,1469959431,11.081851137835926,0,4562,5184
solver,sparse,32,16,160,18,15225154686,1602659473,9.499931172216021,0,4559,5184
solver,sparse,32,16,160,19,17373187744,1621737002,10.712703553396508,0,4424,5184
certified,unknown,8,32,8,10,225349046,66204856,3.4038144573564213,0,420,528
certified,unknown,8,32,8,11,232128830,65140549,3.563507424538286,0,461,528
certified,unknown,8,32,8,12,237534138,68656812,3.459731541278089,0,389,528
certified,unknown,8,32,8,13,226506870,67374066,3.3619296481230627,0,439,528
certified,unknown,8,32,8,14,215812736,64444607,3.3488098701571722,0,401,528
certified,unknown,8,32,8,15,236013871,66980093,3.5236420319691106,0,427,528
certified,unknown,8,32,8,16,246148940,62848689,3.916532610568854,0,404,528
certified,unknown,8,32,8,17,193871474,66375606,2.920824165432102,0,463,528
certified,unknown,8,32,8,18,260190107,65439381,3.9760478021636545,0,387,528
certified,unknown,8,32,8,19,220161730,63602319,3.461536205936139,0,471,528
certified,present,8,32,8,10,528101581,66019940,7.999122401504757,0,412,528
certified,present,8,32,8,11,550325043,64874660,8.482896758148714,0,422,528
certified,present,8,32,8,12,536274852,63920858,8.38966917496633,0,381,528
certified,present,8,32,8,13,519438915,66085978,7.860047331069232,0,431,528
certified,present,8,32,8,14,541309626,64107365,8.44379777580938,0,393,528
certified,present,8,32,8,15,543834772,64197857,8.471229374525695,0,388,528
certified,present,8,32,8,16,566980875,63672861,8.904592413398857,0,365,528
certified,present,8,32,8,17,482461991,64511805,7.478662099130539,0,455,528
certified,present,8,32,8,18,581662938,66450788,8.75328879470925,0,379,528
certified,present,8,32,8,19,491601505,63883923,7.695230379011007,0,449,528
certified,sparse,8,32,40,10,3809175833,174929814,21.77545237085772,0,2123,2576
certified,sparse,8,32,40,11,4122691085,173140964,23.81118245939765,0,2203,2576
certified,sparse,8,32,40,12,3965913320,169328110,23.421470422128966,0,2116,2576
certified,sparse,8,32,40,13,3890640136,171340220,22.707103656105964,0,2192,2576
certified,sparse,8,32,40,14,4136782146,173141668,23.892470216932413,0,2119,2576
certified,sparse,8,32,40,15,3976357494,169479889,23.46212000410267,0,2121,2576
certified,sparse,8,32,40,16,3787664858,176145779,21.503012331621072,0,2127,2576
certified,sparse,8,32,40,17,4351258309,179151785,24.288110269177615,0,2160,2576
certified,sparse,8,32,40,18,4003119915,171617487,23.325827600540496,0,2151,2576
certified,sparse,8,32,40,19,4766713831,171469445,27.799202540137692,0,2003,2576
certified,unknown,16,16,16,10,220466693,158102922,1.3944504643627016,0,470,544
certified,unknown,16,16,16,11,220235823,194333888,1.1332857344983496,0,483,544
certified,unknown,16,16,16,12,208434893,156533721,1.3315654395004128,0,484,544
certified,unknown,16,16,16,13,218148068,165311128,1.319621193317367,0,472,544
certified,unknown,16,16,16,14,234847317,431173734,0.5446698128416143,0,438,544
certified,unknown,16,16,16,15,218505564,184727964,1.1828504968527667,0,470,544
certified,unknown,16,16,16,16,221136028,150748923,1.4669161384323788,0,468,544
certified,unknown,16,16,16,17,207925053,173391372,1.1991660865339944,0,505,544
certified,unknown,16,16,16,18,226679813,181346853,1.2499793034732176,0,455,544
certified,unknown,16,16,16,19,232873112,177480424,1.3121059030149713,0,479,544
certified,present,16,16,16,10,794115524,166502146,4.76940113432532,0,439,544
certified,present,16,16,16,11,736102587,157200563,4.682569661025959,0,452,544
certified,present,16,16,16,12,760491067,162744085,4.672926005267718,0,453,544
certified,present,16,16,16,13,771579854,169314174,4.557089555892704,0,441,544
certified,present,16,16,16,14,793917453,148405689,5.349642984373732,0,407,544
certified,present,16,16,16,15,791443702,189784595,4.170220991856583,0,439,544
certified,present,16,16,16,16,731041164,159687788,4.577940324403516,0,437,544
certified,present,16,16,16,17,690446141,148973960,4.634676697860485,0,474,544
certified,present,16,16,16,18,796281000,147694546,5.3914042296456905,0,424,544
certified,present,16,16,16,19,730378281,154612980,4.723913095782773,0,462,544
certified,sparse,16,16,80,10,3065576162,269583920,11.371509702804232,0,2291,2592
certified,sparse,16,16,80,11,3506419538,263362159,13.31405981525235,0,2247,2592
certified,sparse,16,16,80,12,2970828750,560773223,5.297736461286062,0,2298,2592
certified,sparse,16,16,80,13,3251393486,269130149,12.081119480969038,0,2268,2592
certified,sparse,16,16,80,14,3343253277,290598392,11.504720497558706,0,2199,2592
certified,sparse,16,16,80,15,3215095768,262370248,12.254040968852536,0,2234,2592
certified,sparse,16,16,80,16,2991065933,259661357,11.519103063918749,0,2278,2592
certified,sparse,16,16,80,17,3416847201,250494566,13.640404482866108,0,2273,2592
certified,sparse,16,16,80,18,3146347436,271513530,11.588179182083486,0,2265,2592
certified,sparse,16,16,80,19,3317248187,327004629,10.144346265508064,0,2218,2592
certified,unknown,16,32,16,10,1048508875,192492199,5.44702008936996,0,831,1056
certified,unknown,16,32,16,11,934805681,185716303,5.033514375956536,0,934,1056
certified,unknown,16,32,16,12,893174187,194298963,4.596906608297235,0,845,1056
certified,unknown,16,32,16,13,1044233785,183894971,5.67842491462151,0,892,1056
certified,unknown,16,32,16,14,962272492,206433414,4.661418291517477,0,887,1056
certified,unknown,16,32,16,15,910443110,207149217,4.395107658070462,0,885,1056
certified,unknown,16,32,16,16,998467076,194517835,5.133036135221225,0,805,1056
certified,unknown,16,32,16,17,870139545,183519364,4.741404536471694,0,923,1056
certified,unknown,16,32,16,18,1018490177,182328649,5.586012854183985,0,822,1056
certified,unknown,16,32,16,19,1019034832,221132042,4.608264016302079,0,845,1056
certified,present,16,32,16,10,3131709532,190858875,16.408508810502,0,815,1056
certified,present,16,32,16,11,2962334598,174517543,16.974423012590773,0,887,1056
certified,present,16,32,16,12,3096478515,171426072,18.06305469683748,0,798,1056
certified,present,16,32,16,13,2959762606,192911912,15.342560111062504,0,873,1056
certified,present,16,32,16,14,3029600751,175450019,17.267600016617838,0,848,1056
certified,present,16,32,16,15,3177843614,168562108,18.852657051488702,0,838,1056
certified,present,16,32,16,16,3236019872,169895432,19.047127011631485,0,758,1056
certified,present,16,32,16,17,2919280162,187827258,15.542366923122522,0,899,1056
certified,present,16,32,16,18,3264220537,175364920,18.61387406899852,0,806,1056
certified,present,16,32,16,19,3180968627,178072061,17.863378506075694,0,829,1056
certified,sparse,16,32,80,10,16366977130,431014422,37.97315424865296,0,4431,5152
certified,sparse,16,32,80,11,21073169301,458266153,45.98456412948307,0,4222,5152
certified,sparse,16,32,80,12,19104903701,390484211,48.92618744321009,0,4342,5152
certified,sparse,16,32,80,13,19675342374,392648640,50.109284407555826,0,4294,5152
certified,sparse,16,32,80,14,17613661351,412251643,42.72550916431399,0,4393,5152
certified,sparse,16,32,80,15,20916881751,486493047,42.995232675956416,0,4197,5152
certified,sparse,16,32,80,16,15396231782,398968241,38.590118710727154,0,4465,5152
certified,sparse,16,32,80,17,20236023300,394338389,51.316391871753574,0,4353,5152
certified,sparse,16,32,80,18,18416562586,412343828,44.663121733448136,0,4263,5152
certified,sparse,16,32,80,19,22995992239,433260100,53.07664435058756,0,4127,5152
certified,unknown,32,16,32,10,1027388943,877163454,1.1712628225844894,0,943,1088
certified,unknown,32,16,32,11,1023075804,802811132,1.2743667386017263,0,970,1088
certified,unknown,32,16,32,12,994974508,936934217,1.0619470288808974,0,946,1088
certified,unknown,32,16,32,13,1045405267,720097143,1.4517558876080696,0,953,1088
certified,unknown,32,16,32,14,1135353099,1056099324,1.0750438649082972,0,913,1088
certified,unknown,32,16,32,15,1010925934,722902280,1.3984268164156295,0,948,1088
certified,unknown,32,16,32,16,1035318740,895436169,1.1562172445593941,0,921,1088
certified,unknown,32,16,32,17,1025693116,743522717,1.3795047448429205,0,972,1088
certified,unknown,32,16,32,18,1052044707,3460067017,0.3040532746421079,0,958,1088
certified,unknown,32,16,32,19,1074112661,698377995,1.5380104595076767,0,926,1088
certified,present,32,16,32,10,5342623818,1482764738,3.6031500352552897,0,881,1088
certified,present,32,16,32,11,5107071437,985059538,5.184530721228344,0,916,1088
certified,present,32,16,32,12,5272301148,1304631469,4.0412187451228805,0,884,1088
certified,present,32,16,32,13,5257024787,844571517,6.224487424905663,0,891,1088
certified,present,32,16,32,14,5307666274,1273770258,4.166894493465241,0,860,1088
certified,present,32,16,32,15,5537764970,968787880,5.716179036013539,0,886,1088
certified,present,32,16,32,16,5057070235,1264499524,3.9992662227368303,0,859,1088
certified,present,32,16,32,17,4819989515,944774081,5.101737666107714,0,910,1088
certified,present,32,16,32,18,5190135465,843225483,6.155097977512143,0,881,1088
certified,present,32,16,32,19,5190973547,1023064621,5.073944930209839,0,874,1088
certified,sparse,32,16,160,10,14334784596,1497289377,9.573823748567209,0,4625,5184
certified,sparse,32,16,160,11,17901749690,4583791311,3.905446054457168,0,4433,5184
certified,sparse,32,16,160,12,15454729166,1265830763,12.209159089618364,0,4558,5184
certified,sparse,32,16,160,13,16250318223,1072535352,15.151312441773948,0,4509,5184
certified,sparse,32,16,160,14,16187749122,1560890976,10.370839072619509,0,4476,5184
certified,sparse,32,16,160,15,16136381721,1595870326,10.111336402529236,0,4495,5184
certified,sparse,32,16,160,16,13382749853,5454431664,2.453555324806431,0,4653,5184
certified,sparse,32,16,160,17,16391970532,1469959431,11.151308115250972,0,4562,5184
certified,sparse,32,16,160,18,15307448256,1602659473,9.551279304109539,0,4559,5184
certified,sparse,32,16,160,19,17400432621,1621737002,10.729503365552487,0,4424,5184
