case,arm,solved,total,instructions_min,instructions_median,instructions_max,definitions_0_last_median,comparisons_0_last_median,optimization_0_last_median,optimization_1_last_median,optimization_2_last_median,optimization_3_last_median
allocate-4,baseline,11,11,230415093,230562104,231473968,1,0,,,,
allocate-4,all,11,11,230279259,230664344,231564357,1,0,1,0,0,0
allocate-4,no_coverage,11,11,230312766,230630096,231458248,1,0,1,0,0,0
allocate-4,no_equalities,11,11,230271900,230630545,231500094,1,0,1,0,0,0
allocate-4,no_cache,11,11,230368402,230610093,231559715,1,0,1,0,0,0
allocate-4,eager,11,11,230369506,230596399,231341742,1,0,1,0,0,0
allocate-16,baseline,11,11,322691207,378311104,1565468297,1,0,,,,
allocate-16,all,11,11,322733517,378473258,1565615561,1,0,1,0,0,0
allocate-16,no_coverage,11,11,322886903,378351966,1565672206,1,0,1,0,0,0
allocate-16,no_equalities,11,11,322790412,378350893,1565669438,1,0,1,0,0,0
allocate-16,no_cache,11,11,322691558,378453407,1565652092,1,0,1,0,0,0
allocate-16,eager,11,11,322750073,378443595,1565671069,1,0,1,0,0,0
alias-4,baseline,11,11,226890859,227003065,227018807,1,0,,,,
alias-4,all,11,11,226041635,226201703,226226326,1,0,1,0,1,0
alias-4,no_coverage,11,11,226119703,226185712,226297808,1,0,1,0,1,0
alias-4,no_equalities,11,11,226916005,227054248,227153300,1,0,1,0,1,0
alias-4,no_cache,11,11,226022506,226188266,226213858,1,0,1,0,1,0
alias-4,eager,11,11,226021496,226198456,226229105,1,0,1,0,1,0
alias-16,baseline,11,11,236301211,236397547,236412297,1,0,,,,
alias-16,all,11,11,227915313,227987132,228074833,1,0,1,0,1,0
alias-16,no_coverage,11,11,227840936,228009597,228040197,1,0,1,0,1,0
alias-16,no_equalities,11,11,236405507,236494813,236518519,1,0,1,0,1,0
alias-16,no_cache,11,11,227954759,228021210,228070791,1,0,1,0,1,0
alias-16,eager,11,11,227876299,228031145,228056455,1,0,1,0,1,0
values-4,baseline,11,11,226577866,226742177,226833337,2,1,,,,
values-4,all,11,11,226621984,226763957,226806248,2,1,2,0,0,0
values-4,no_coverage,11,11,226648113,226784249,226840760,2,1,2,1,0,0
values-4,no_equalities,11,11,226673984,226789025,226820261,2,1,2,0,0,0
values-4,no_cache,11,11,226674182,226788458,226793571,2,1,2,0,0,0
values-4,eager,11,11,226613642,226801658,226816076,2,1,2,0,0,0
values-16,baseline,11,11,233307692,233439428,233556207,2,1,,,,
values-16,all,11,11,233215220,233348196,233494157,2,1,2,0,0,0
values-16,no_coverage,11,11,233374784,233425827,233524474,2,1,2,1,0,0
values-16,no_equalities,11,11,233251981,233430745,233513274,2,1,2,0,0,0
values-16,no_cache,11,11,233260802,233343672,233450530,2,1,2,0,0,0
values-16,eager,11,11,233313739,233402711,233508979,2,1,2,0,0,0
permutation-4,baseline,11,11,227283066,227450998,227481370,2,1,,,,
permutation-4,all,11,11,226601176,226791997,226823774,2,1,2,0,0,0
permutation-4,no_coverage,11,11,227390586,227487578,227598769,2,1,3,0,0,0
permutation-4,no_equalities,11,11,226600122,226783840,226908321,2,1,2,0,0,0
permutation-4,no_cache,11,11,226678959,226762265,226793374,2,1,2,0,0,0
permutation-4,eager,11,11,226704669,226790761,226816070,2,1,2,0,0,0
permutation-16,baseline,11,11,239977737,240075232,240183903,2,1,,,,
permutation-16,all,11,11,233231120,233378199,233477476,2,1,2,0,0,0
permutation-16,no_coverage,11,11,240164353,240272939,240300758,2,1,3,0,0,0
permutation-16,no_equalities,11,11,233295730,233385927,233464622,2,1,2,0,0,0
permutation-16,no_cache,11,11,233265461,233379418,233461384,2,1,2,0,0,0
permutation-16,eager,11,11,233222068,233332865,233492938,2,1,2,0,0,0
negative-4,baseline,11,11,226699457,226875364,227238702,0,0,,,,
negative-4,all,11,11,226764985,226920175,227299488,0,0,0,0,0,0
negative-4,no_coverage,11,11,226830840,226932478,227317060,0,0,0,0,0,0
negative-4,no_equalities,11,11,226780485,226930345,227308210,0,0,0,0,0,0
negative-4,no_cache,11,11,226801030,226908622,226959209,0,0,0,0,0,0
negative-4,eager,11,11,226813151,226918333,226930166,0,0,0,0,0,0
negative-16,baseline,11,11,230890993,230993252,232050884,0,0,,,,
negative-16,all,11,11,230853818,231045789,232054053,0,0,0,0,0,0
negative-16,no_coverage,11,11,230882745,231051933,232073043,0,0,0,0,0,0
negative-16,no_equalities,11,11,230981479,231061875,232076248,0,0,0,0,0,0
negative-16,no_cache,11,11,230870633,231028866,232056205,0,0,0,0,0,0
negative-16,eager,11,11,230890208,231003272,231985310,0,0,0,0,0,0
views-8,baseline,11,11,321597544,331385877,419492025,8,7,,,,
views-8,all,11,11,236758996,237293872,237332933,0,7,2,6,32,0
views-8,no_coverage,11,11,237100733,237314001,237362365,0,7,2,13,32,0
views-8,no_equalities,11,11,251825359,264581436,270451373,8,7,8,0,32,0
views-8,no_cache,11,11,237198752,237347753,237366345,0,7,8,6,32,0
views-8,eager,11,11,237105691,237322998,237333127,0,7,2,6,32,0
views-16,baseline,11,11,655721155,698761524,805668831,16,15,,,,
views-16,all,11,11,248975630,249123287,249196149,0,15,2,14,64,0
views-16,no_coverage,11,11,248184482,249155838,249180807,0,15,2,29,64,0
views-16,no_equalities,11,11,297883422,333444936,348485258,16,15,16,0,64,0
views-16,no_cache,11,11,248271062,249146464,249288535,0,15,16,14,64,0
views-16,eager,11,11,248997453,249122090,249204691,0,15,2,14,64,0
views-32,baseline,11,11,2025309160,5188793391,5371468638,32,31,,,,
views-32,all,11,11,274484599,274590440,274604587,0,31,2,30,128,0
views-32,no_coverage,11,11,274376653,274505587,274589130,0,31,2,61,128,0
views-32,no_equalities,11,11,399201825,438414873,821178169,32,31,32,0,128,0
views-32,no_cache,11,11,274586155,274675346,274801741,0,31,32,30,128,0
views-32,eager,11,11,274382616,274589822,274605720,0,31,2,30,128,0
free_views-8,baseline,11,11,667243323,832245070,908018495,8,7,,,,
free_views-8,all,11,11,246571782,253323838,264286724,8,7,8,0,0,0
free_views-8,no_coverage,11,11,667392311,832260245,908148594,8,7,15,0,0,0
free_views-8,no_equalities,11,11,246656062,253290192,264283843,8,7,8,0,0,0
free_views-8,no_cache,11,11,246501047,253297422,264168739,8,7,8,0,0,0
free_views-8,eager,11,11,246520588,253228379,264285339,8,7,8,0,0,0
free_views-16,baseline,11,11,1026771212,2878853245,3596944168,16,15,,,,
free_views-16,all,11,11,274645712,316500287,332214653,16,15,16,0,0,0
free_views-16,no_coverage,11,11,1026981620,2879038451,3597427919,16,15,31,0,0,0
free_views-16,no_equalities,11,11,274640001,316468851,332386062,16,15,16,0,0,0
free_views-16,no_cache,11,11,274628458,316331986,332400887,16,15,16,0,0,0
free_views-16,eager,11,11,274572768,316498801,332439251,16,15,16,0,0,0
free_views-32,baseline,11,11,7361628702,8460761663,10471025760,32,31,,,,
free_views-32,all,11,11,372534422,733167829,803421134,32,31,32,0,0,0
free_views-32,no_coverage,11,11,7362044044,8458876090,10473452944,32,31,63,0,0,0
free_views-32,no_equalities,11,11,372493588,733054390,803393384,32,31,32,0,0,0
free_views-32,no_cache,11,11,372502295,732957015,803467320,32,31,32,0,0,0
free_views-32,eager,11,11,372344108,732977154,803310936,32,31,32,0,0,0
symbolic_views-8,baseline,11,11,2636948782,5632554699,6335876526,8,7,,,,
symbolic_views-8,all,11,11,265924519,306700729,314709126,1,7,2,6,56,0
symbolic_views-8,no_coverage,11,11,268007140,308980357,316822351,8,7,2,13,56,0
symbolic_views-8,no_equalities,11,11,1865921725,2212494925,3103290651,8,7,8,0,56,0
symbolic_views-8,no_cache,11,11,266082214,306941369,314826070,1,7,8,6,56,0
symbolic_views-8,eager,11,11,266001127,306803695,314737749,1,7,2,6,56,0
symbolic_views-16,baseline,11,11,37830797193,39830083042,43740931757,16,15,,,,
symbolic_views-16,all,11,11,354435228,383198296,661568465,1,15,2,14,120,0
symbolic_views-16,no_coverage,11,11,359944408,384818063,654280490,16,15,2,29,120,0
symbolic_views-16,no_equalities,11,11,11789140491,13444953611,26067933244,16,15,16,0,120,0
symbolic_views-16,no_cache,11,11,354707299,383224544,661459058,1,15,16,14,120,0
symbolic_views-16,eager,11,11,353845710,383253956,661577892,1,15,2,14,120,0
offset_views-8,baseline,11,11,274821519,291736409,403790354,8,7,,,,
offset_views-8,all,11,11,233231169,233288892,234365016,1,7,2,6,35,0
offset_views-8,no_coverage,11,11,235757418,235873593,236847319,8,7,2,13,35,0
offset_views-8,no_equalities,11,11,239255778,239591594,248970223,8,7,8,0,35,0
offset_views-8,no_cache,11,11,233150325,233361187,234393732,1,7,8,6,35,0
offset_views-8,eager,11,11,233117322,233250112,234337344,1,7,2,6,35,0
offset_views-16,baseline,11,11,506325822,553253527,606720504,16,15,,,,
offset_views-16,all,11,11,238592217,239599004,244924386,1,15,2,14,75,0
offset_views-16,no_coverage,11,11,244193545,245337073,250525594,16,15,2,29,75,0
offset_views-16,no_equalities,11,11,254714491,289567598,298138945,16,15,16,0,75,0
offset_views-16,no_cache,11,11,238850016,239951235,245107914,1,15,16,14,75,0
offset_views-16,eager,11,11,238510872,239631468,244786144,1,15,2,14,75,0
cache_scopes-8,baseline,0,11,,,,,,,,,
cache_scopes-8,all,0,11,,,,,,,,,
cache_scopes-8,no_coverage,0,11,,,,,,,,,
cache_scopes-8,no_equalities,0,11,,,,,,,,,
cache_scopes-8,no_cache,0,11,,,,,,,,,
cache_scopes-8,eager,0,11,,,,,,,,,
cache_scopes-16,baseline,0,11,,,,,,,,,
cache_scopes-16,all,0,11,,,,,,,,,
cache_scopes-16,no_coverage,0,11,,,,,,,,,
cache_scopes-16,no_equalities,0,11,,,,,,,,,
cache_scopes-16,no_cache,0,11,,,,,,,,,
cache_scopes-16,eager,0,11,,,,,,,,,
boolean_sat-8,baseline,11,11,231066700,231240579,231363905,64,28,,,,
boolean_sat-8,all,11,11,226453322,226587818,226702255,0,0,0,0,0,0
boolean_sat-8,no_coverage,11,11,226487091,226584549,226717236,0,0,0,0,0,0
boolean_sat-8,no_equalities,11,11,226475484,226584497,226725785,0,0,0,0,0,0
boolean_sat-8,no_cache,11,11,226562152,226585943,226722010,0,0,0,0,0,0
boolean_sat-8,eager,11,11,230984579,231410905,231460758,64,56,57,7,0,0
boolean_sat-16,baseline,11,11,244261544,244367126,244487610,256,120,,,,
boolean_sat-16,all,11,11,227075346,227302829,227403156,0,0,0,0,0,0
boolean_sat-16,no_coverage,11,11,227128027,227172514,227378932,0,0,0,0,0,0
boolean_sat-16,no_equalities,11,11,227136982,227252338,227370306,0,0,0,0,0,0
boolean_sat-16,no_cache,11,11,227123634,227202977,227359060,0,0,0,0,0,0
boolean_sat-16,eager,11,11,244598550,244760055,244822454,256,240,241,15,0,0
boolean_unsat-8,baseline,11,11,230011718,230148123,230276831,64,28,,,,
boolean_unsat-8,all,11,11,231310002,231411039,231433984,32,28,29,3,0,4
boolean_unsat-8,no_coverage,11,11,231268245,231427392,231445893,32,28,29,31,0,4
boolean_unsat-8,no_equalities,11,11,231297730,231409400,231463554,32,28,29,3,0,4
boolean_unsat-8,no_cache,11,11,231246517,231349421,231418828,32,28,32,3,0,4
boolean_unsat-8,eager,11,11,230139536,230311587,230405255,64,56,57,7,0,0
boolean_unsat-16,baseline,11,11,241920049,242089086,242117502,256,120,,,,
boolean_unsat-16,all,11,11,249084248,249246265,249284033,128,120,121,7,0,8
boolean_unsat-16,no_coverage,11,11,249159039,249268013,249306375,128,120,121,127,0,8
boolean_unsat-16,no_equalities,11,11,249211725,249244023,249286655,128,120,121,7,0,8
boolean_unsat-16,no_cache,11,11,249113995,249151642,249256763,128,120,128,7,0,8
boolean_unsat-16,eager,11,11,242297921,242407372,242467281,256,240,241,15,0,0
boolean_alias-16,baseline,11,11,273182954,273351977,273422895,256,120,,,,
boolean_alias-16,all,11,11,237116322,290799749,291033292,256,240,2,254,0,16
boolean_alias-16,no_coverage,11,11,398193010,398436659,398703183,256,240,2,494,0,16
boolean_alias-16,no_equalities,11,11,237184431,290819828,291110957,256,240,2,254,0,16
boolean_alias-16,no_cache,11,11,237297267,291439986,291715177,256,240,256,254,0,16
boolean_alias-16,eager,11,11,242644854,242828449,242919563,256,240,2,254,0,0
