grid,mode,instance,previous_z3,current_z3,current_previous,baseline_min,baseline_median,baseline_max,candidate_min,candidate_median,candidate_max
confirmation,certified,absent-4x4,0.1769053245300191,0.17687915675058885,0.9998520803175385,3916695,3938523.5,3946909,3913763,3936928.0,3947729
confirmation,certified,absent-8x16,1.0051586144583395,1.0018280317447743,0.9966865103022969,51356317,51698570.0,55937098,51325581,51606438.0,55361874
confirmation,certified,blocked-4x4,0.12655362887736543,0.12651560030524794,0.9996995062689645,3758219,3760152.0,3769570,3756913,3759734.5,3763921
confirmation,certified,blocked-8x16,0.360209777882936,0.35921534341694095,0.9972392907492971,60250593,60840346.5,64619165,60222161,60733152.0,64044306
confirmation,certified,present-16x32,17.036768872567677,16.844239927224884,0.988699210115317,2928993917,3038921320.0,3226366023,2914262073,3006587867.5,3185606104
confirmation,certified,present-32x16,5.302568440923893,5.2821348422148855,0.9961464714813851,5163040979,5417456425.0,5557458355,5159501305,5397271096.0,5541200128
confirmation,certified,present-4x4,0.21815408616363316,0.21836451066238902,1.0009645682208217,4804358,4842395.5,4882440,4808155,4854564.0,4885331
confirmation,certified,present-8x16,2.417096398887657,2.4139921751315234,0.9987157219887622,124708758,127612589.5,130185136,124710579,127331459.5,129612348
confirmation,certified,shared-4x4,0.16504704580133292,0.16501456630423422,0.9998032106728055,3578586,3617261.5,3646573,3579554,3615859.0,3645819
confirmation,certified,shared-8x16,1.1293355080767788,1.1264071740931623,0.9974070292108291,59706145,61201244.5,64163149,59682511,61188522.0,63673449
confirmation,certified,sparse-16x32,43.00005729113711,31.035197990899956,0.7217478288638637,14724416528,17863042862.5,20933024644,11704333212,12625899126.0,13889355290
confirmation,certified,sparse-32x16,6.18669245895707,5.07156398821638,0.8197536926009289,13540504937,15445737354.5,16879259999,12122275066,12498357868.5,12715147859
confirmation,certified,sparse-4x4,0.6329435251532677,0.632524799756963,0.9993384474606904,18651418,18839920.0,19181036,18655959,18835218.5,19148537
confirmation,certified,sparse-8x16,6.577013886904893,6.212117244744508,0.9445194052445429,666509065,696769218.0,747953910,643712587,656026100.5,692369490
confirmation,certified,unknown-16x32,4.702639571452785,4.5017956934612,0.957291245705752,801618282,875201136.0,985753485,786999270,843492217.0,920120184
confirmation,certified,unknown-32x16,0.7415739290151078,0.7267908611223072,0.9800652809997863,999721740,1022837624.0,1062666877,984567631,1002265965.0,1035829847
confirmation,certified,unknown-4x4,0.1674058283635167,0.16738771894289337,0.9998918232369786,3699562,3711372.0,3744702,3701442,3710789.0,3738878
confirmation,certified,unknown-8x16,0.9858131103161426,0.9816347381695606,0.9957614966743118,53361843,54699609.5,59345759,53355462,54665993.5,58723611
confirmation,certified,wide-4x4,0.16789041165898996,0.1679225357571212,1.0001913396829147,4063900,4067309.5,4134070,4063513,4067740.0,4132980
confirmation,certified,wide-8x16,0.9216207278346072,0.9186152119494755,0.9967388798945598,64378778,65967389.0,70712314,64385520,65932139.5,70123547
confirmation,solver,absent-4x4,0.15662359643931564,0.1566513606852823,1.0001772673249616,3466707,3487402.0,3494338,3466292,3488031.5,3495769
confirmation,solver,absent-8x16,0.9689193673646594,0.9657726180848639,0.9967523104751695,49461886,49907388.5,53712893,49419865,49809893.0,53139230
confirmation,solver,blocked-4x4,0.11402135437385696,0.11403802931698723,1.0001462440366706,3386108,3388085.5,3391442,3386025,3388881.0,3396291
confirmation,solver,blocked-8x16,0.35009829175362084,0.3491451262536305,0.9972774345878237,58549057,59161590.0,62708670,58496694,59061671.0,62204526
confirmation,solver,present-16x32,16.98221621688737,16.78970462215217,0.9886639298265576,2921779031,3028884632.5,3214724267,2907873874,2996602098.5,3173602672
confirmation,solver,present-32x16,5.293396629075887,5.273138810049164,0.9961730018651069,5154927031,5405610450.0,5549138564,5151399904,5386018403.5,5532747825
confirmation,solver,present-4x4,0.19890610788678043,0.1988821628572285,0.9998796164189911,4378767,4415933.0,4452762,4379796,4416071.5,4451125
confirmation,solver,present-8x16,2.3826243247796666,2.379279071251336,0.9985959794443717,122940698,125827264.5,128177156,122940741,125509100.0,127829987
confirmation,solver,shared-4x4,0.14954700008559144,0.14957031557284478,1.0001559074220143,3241602,3276658.0,3307245,3241436,3276241.5,3306757
confirmation,solver,shared-8x16,1.0992124445655655,1.0967305328734558,0.9977421000786698,58115649,59587507.5,62432038,58111666,59565123.5,61931607
confirmation,solver,sparse-16x32,42.88714903824491,30.933968305368516,0.7212875884517977,14701415991,17801530326.5,20847675022,11684147885,12578121582.0,13817386322
confirmation,solver,sparse-32x16,6.174819150078978,5.058840096109889,0.8192693539931748,13513860480,15408080731.0,16824895352,12099165545,12459999275.0,12671845354
confirmation,solver,sparse-4x4,0.5840713996259144,0.583824211583006,0.9995767845454053,17201959,17383568.5,17732144,17199343,17378756.0,17695478
confirmation,solver,sparse-8x16,6.510195714355692,6.148768371198365,0.9444828759356125,661094852,688992274.0,743609500,637584913,647722206.0,687336127
confirmation,solver,unknown-16x32,4.651412854935132,4.452280369678664,0.9571888173621936,793962665,866218743.0,972813173,779515695,834764231.5,907401696
confirmation,solver,unknown-32x16,0.7348851552741266,0.7202470726082142,0.9800811289208147,992226016,1013681414.5,1052449284,977038012,994290200.5,1026368292
confirmation,solver,unknown-4x4,0.1514858931417885,0.1514796965956197,0.9999590948962949,3348208,3358291.5,3388652,3349275,3357698.0,3387854
confirmation,solver,unknown-8x16,0.9550303366700895,0.9509917958347571,0.9957712957586106,51703711,52985841.0,57516678,51704031,52953225.5,56896101
confirmation,solver,wide-4x4,0.1531733468373139,0.15317868125578482,1.0000348260228107,3708795,3709732.0,3778015,3708659,3710141.5,3777640
confirmation,solver,wide-8x16,0.8975738987593096,0.8943674398869891,0.996427638017602,62891176,64314477.0,68581385,62892688,64280157.5,67952766
selection,certified,absent-4x4,0.17697280988907474,0.1769290691215822,0.9997528390518298,3915586,3939809.0,3957858,3914543,3939603.5,3959766
selection,certified,absent-8x16,0.9885349986472461,0.9836913704292995,0.9951001955170279,51236721,52295055.5,58808310,51222442,52077075.5,57683973
selection,certified,blocked-4x4,0.12162247629692194,0.12165348047051752,1.0002549214137024,3756612,3762823.0,3789937,3757052,3762664.5,3793087
selection,certified,blocked-8x16,0.3689626638938301,0.367415788376955,0.9958075012237004,60049268,61208244.0,68009345,60046486,61036335.0,66879759
selection,certified,present-16x32,17.430721443893834,17.093301554185686,0.9806422303979653,2932131183,3122394515.5,3260096091,2919315845,3057395036.0,3172263534
selection,certified,present-32x16,5.01666191164274,4.984396665213532,0.993568383319927,4983452997,5416030988.5,5719680638,4952942325,5389875803.0,5683888114
selection,certified,present-4x4,0.2187678974187522,0.21876157784311018,0.999971112874802,4804557,4873555.0,4884413,4804708,4877145.0,4885128
selection,certified,present-8x16,2.373084230625054,2.36805841412405,0.9978821584012294,123068911,127468683.0,132840917,122848408,127218052.0,132429154
selection,certified,shared-4x4,0.16794673482966005,0.16805869564928977,1.0006666448129715,3578497,3641964.5,3711879,3581141,3642600.5,3719084
selection,certified,shared-8x16,1.1323888371957227,1.128499149581335,0.9965650600865863,58723237,60929158.5,67429088,58513538,60804883.5,66495205
selection,certified,sparse-16x32,42.93166666207527,30.637646198589554,0.7136374751007292,14490313697,18346678554.0,21933958589,11699202600,12919964347.5,14215192958
selection,certified,sparse-32x16,8.275870239368137,6.759882025284087,0.8168182716456179,12931486464,15716093306.5,17418883624,12001670180,12606463036.0,12924849513
selection,certified,sparse-4x4,0.6336273785922836,0.6331050484163048,0.9991756508736424,18665244,18870160.0,19202032,18647669,18867965.5,19136942
selection,certified,sparse-8x16,6.601302128258872,6.202399330726098,0.939572104142128,642329298,702624640.0,804112096,627940928,663099096.0,716932866
selection,certified,unknown-16x32,4.880229104770358,4.581835932885084,0.9388567287561155,849018768,968422976.5,1029089898,821354253,908293726.5,957489599
selection,certified,unknown-32x16,1.1187717456803543,1.0849803386629004,0.9697959774655334,1015012059,1049953775.5,1153029320,996186517,1020553063.5,1105803258
selection,certified,unknown-4x4,0.16642632480621508,0.16644919216588283,1.000137402299152,3701073,3716487.0,3820481,3700869,3720493.5,3823034
selection,certified,unknown-8x16,1.0462533020784968,1.0425505799553552,0.996460969713753,53318562,54283592.0,58280549,53318522,54147925.0,57743298
selection,certified,wide-4x4,0.16649620514752086,0.16654585981649414,1.000298233037379,4064044,4065512.5,4160589,4065078,4067559.0,4161213
selection,certified,wide-8x16,0.9721389185980222,0.9692721545336493,0.9970510757161054,64405519,65770628.0,70008066,64407584,65538566.5,69484059
selection,solver,absent-4x4,0.15666640590653713,0.15669701808623798,1.000195397216932,3467237,3488052.5,3506757,3467370,3488379.0,3508185
selection,solver,absent-8x16,0.9528083029858774,0.9480296370148533,0.9949846512083818,49406841,50366324.0,56751910,49396057,50159697.5,55616435
selection,solver,blocked-4x4,0.10960085342290231,0.10957257185055286,0.999741958465959,3386454,3389001.5,3421492,3386546,3387550.0,3422525
selection,solver,blocked-8x16,0.3584017026677058,0.3568705546189014,0.9957278438204741,58249400,59420556.5,66149722,58235733,59235199.5,64968283
selection,solver,present-16x32,17.363221552676684,17.024729933422822,0.9805052525404375,2924384566,3109102090.0,3245480059,2910975381,3044124828.5,3156670889
selection,solver,present-32x16,5.007770008126011,4.975377632459342,0.9935315768068209,4974962024,5408106716.5,5710486693,4944501622,5379692786.5,5674533958
selection,solver,present-4x4,0.19934705864870808,0.19935410032913423,1.0000353237237303,4380617,4440153.5,4452551,4381437,4439741.0,4452303
selection,solver,present-8x16,2.338624194454937,2.333827440722373,0.9979488992956043,121285912,125662373.5,130955658,121040649,125418069.0,130583537
selection,solver,shared-4x4,0.1522159330704881,0.15222177076732446,1.000038351417743,3240981,3302766.5,3368230,3241029,3303724.5,3369656
selection,solver,shared-8x16,1.102278012060796,1.0982066000744135,0.9963063655975767,57136056,59335965.5,65636461,56926783,59207449.0,64629464
selection,solver,sparse-16x32,42.8616677302792,30.526383540240335,0.7122070875155255,14517160805,18316955679.0,21854180735,11719629423,12851483533.0,14140331760
selection,solver,sparse-32x16,8.253107413467553,6.7368628152700625,0.8162819745053531,12884531820,15677236864.5,17393596872,11945808978,12539714172.0,12891524909
selection,solver,sparse-4x4,0.5842514638659421,0.5839798178933641,0.9995350529876629,17200828,17398186.0,17697945,17201823,17398152.5,17646321
selection,solver,sparse-8x16,6.529011957230804,6.126983649934038,0.9384243266928738,637867287,695022410.5,795254782,621825605,656087788.0,707192381
selection,solver,unknown-16x32,4.822116468844104,4.524047765789393,0.9381871622179712,841305433,956369160.5,1014096643,814146889,896586204.5,941741386
selection,solver,unknown-32x16,1.1056194848501448,1.072760966568848,0.9702804457306118,1006304065,1034853012.0,1141159053,988001580,1006914788.0,1095067557
selection,solver,unknown-4x4,0.15061951669567739,0.1506387538232416,1.0001277200191998,3349222,3364821.5,3467214,3348891,3365270.5,3469856
selection,solver,unknown-8x16,1.0131418536565107,1.0094969651330772,0.996402390731092,51663823,52616848.0,56322784,51663829,52478324.0,55792994
selection,solver,wide-4x4,0.15195080789711402,0.15197606396685068,1.0001662121451422,3708547,3709743.5,3807214,3708263,3710194.5,3809424
selection,solver,wide-8x16,0.9481140883001651,0.9453319612946867,0.9970656200136564,62891947,64027524.5,68173186,62892270,63824993.5,67584797
