mode,instance,seed,baseline,candidate,z3
solver,unknown-4x4,10,3380539,3364679,22060643
solver,unknown-4x4,11,3373695,3357978,22600097
solver,unknown-4x4,12,3362733,3345902,23652114
solver,unknown-4x4,13,3361568,3344442,21964006
solver,unknown-4x4,14,3389107,3372077,22287389
solver,unknown-4x4,15,3374708,3360606,22271230
solver,unknown-4x4,16,3361871,3344670,22700818
solver,unknown-4x4,17,3361386,3344723,22181718
solver,unknown-4x4,18,3487160,3462299,21841699
solver,unknown-4x4,19,3374238,3358757,22312460
solver,present-4x4,10,4421640,4438207,22138143
solver,present-4x4,11,4427520,4448085,22170003
solver,present-4x4,12,4368006,4386495,22451132
solver,present-4x4,13,4391497,4413061,22148549
solver,present-4x4,14,4410378,4429107,22218618
solver,present-4x4,15,4428733,4447431,22194808
solver,present-4x4,16,4366274,4386368,22231126
solver,present-4x4,17,4393756,4410971,22234090
solver,present-4x4,18,4419754,4438936,22168932
solver,present-4x4,19,4427810,4449084,22147445
solver,absent-4x4,10,3516096,3493649,22190315
solver,absent-4x4,11,3511929,3487554,22189054
solver,absent-4x4,12,3492574,3468952,22190155
solver,absent-4x4,13,3512573,3488193,22181823
solver,absent-4x4,14,3528014,3508438,22815796
solver,absent-4x4,15,3511708,3485377,22171047
solver,absent-4x4,16,3493991,3469587,22246711
solver,absent-4x4,17,3512330,3487540,22214497
solver,absent-4x4,18,3517194,3491805,22189734
solver,absent-4x4,19,3512762,3485550,22178098
solver,shared-4x4,10,3283210,3279928,21521101
solver,shared-4x4,11,3290910,3286933,21863560
solver,shared-4x4,12,3264026,3258066,21584627
solver,shared-4x4,13,3230997,3225179,21721378
solver,shared-4x4,14,3358744,3351162,21310250
solver,shared-4x4,15,3290493,3284621,21273368
solver,shared-4x4,16,3264143,3256399,21594337
solver,shared-4x4,17,3229611,3224269,22270981
solver,shared-4x4,18,3302259,3297545,22067126
solver,shared-4x4,19,3289635,3284713,21255784
solver,blocked-4x4,10,3377582,3406951,29527043
solver,blocked-4x4,11,3377799,3410484,29933444
solver,blocked-4x4,12,3382074,3407630,31590010
solver,blocked-4x4,13,3381326,3407906,30893134
solver,blocked-4x4,14,3412377,3441622,31050680
solver,blocked-4x4,15,3376307,3407358,33966723
solver,blocked-4x4,16,3379397,3407765,33157104
solver,blocked-4x4,17,3377303,3407657,30253817
solver,blocked-4x4,18,3379010,3408855,32870097
solver,blocked-4x4,19,3378873,3414841,26890622
solver,wide-4x4,10,3755437,3700475,24211377
solver,wide-4x4,11,3758606,3700780,24786664
solver,wide-4x4,12,3757335,3701165,25860267
solver,wide-4x4,13,3758176,3701114,24012958
solver,wide-4x4,14,3766108,3710718,24355778
solver,wide-4x4,15,3757857,3702341,24294611
solver,wide-4x4,16,3758619,3700481,24897770
solver,wide-4x4,17,3756827,3700648,24320834
solver,wide-4x4,18,3866448,3800096,23820917
solver,wide-4x4,19,3755616,3700234,24306485
solver,sparse-4x4,10,18996540,17573842,30660882
solver,sparse-4x4,11,18969323,17544889,29575652
solver,sparse-4x4,12,19041119,17644614,29825156
solver,sparse-4x4,13,18819687,17393717,28951044
solver,sparse-4x4,14,19260452,17858497,29900547
solver,sparse-4x4,15,18967380,17564873,28947905
solver,sparse-4x4,16,19077494,17637334,29540994
solver,sparse-4x4,17,18977778,17540668,29218157
solver,sparse-4x4,18,19021434,17569388,29903707
solver,sparse-4x4,19,18970974,17545726,31596764
solver,unknown-8x16,10,61959614,52334901,55422647
solver,unknown-8x16,11,66970228,56065128,53571566
solver,unknown-8x16,12,62028743,53695297,52380192
solver,unknown-8x16,13,61341632,51779363,50805946
solver,unknown-8x16,14,58842173,51508854,51922697
solver,unknown-8x16,15,65008926,55429137,52315530
solver,unknown-8x16,16,68214493,56715168,54141400
solver,unknown-8x16,17,61490408,52727617,53371492
solver,unknown-8x16,18,60703769,52277976,51103831
solver,unknown-8x16,19,61695309,52118561,52410102
solver,present-8x16,10,132710341,125443724,51745145
solver,present-8x16,11,131179664,124550242,54434768
solver,present-8x16,12,136761857,131192072,53133846
solver,present-8x16,13,128404986,122254126,51295518
solver,present-8x16,14,131571643,126682537,56215091
solver,present-8x16,15,136231679,130166687,62448897
solver,present-8x16,16,136286913,127737094,53382780
solver,present-8x16,17,127180257,121017089,52028707
solver,present-8x16,18,129387436,123722838,52514592
solver,present-8x16,19,127935341,121768658,51288659
solver,absent-8x16,10,63695193,52891681,52868455
solver,absent-8x16,11,61128676,51017726,52091930
solver,absent-8x16,12,60111305,51204349,53495973
solver,absent-8x16,13,59373144,49657685,51862637
solver,absent-8x16,14,57853545,49654494,55291283
solver,absent-8x16,15,60251582,50803358,61918016
solver,absent-8x16,16,69212670,57200517,52400317
solver,absent-8x16,17,59560058,50147999,53114085
solver,absent-8x16,18,58382085,49409685,51819306
solver,absent-8x16,19,59628694,49899774,51431712
solver,shared-8x16,10,71394261,61240570,52773259
solver,shared-8x16,11,69040954,59636588,52148327
solver,shared-8x16,12,69314877,61192162,55758032
solver,shared-8x16,13,66349577,57459245,53978088
solver,shared-8x16,14,64901412,57695774,56809506
solver,shared-8x16,15,70327622,61646454,58154191
solver,shared-8x16,16,76985650,65730469,53756324
solver,shared-8x16,17,65175566,56701550,53217784
solver,shared-8x16,18,65218881,57144226,54084349
solver,shared-8x16,19,66587204,57676131,54010211
solver,blocked-8x16,10,74912081,64991226,164165438
solver,blocked-8x16,11,72475916,63200840,127239966
solver,blocked-8x16,12,71597212,63468175,192386188
solver,blocked-8x16,13,70830004,61964231,166887391
solver,blocked-8x16,14,69444941,61985429,173049185
solver,blocked-8x16,15,71685225,63021215,194195048
solver,blocked-8x16,16,80741162,69709886,149497837
solver,blocked-8x16,17,70902279,62285747,153356873
solver,blocked-8x16,18,69698688,61407555,200746647
solver,blocked-8x16,19,70846089,61963244,169219037
solver,wide-8x16,10,80417790,63514816,71183632
solver,wide-8x16,11,85583813,67288958,69545176
solver,wide-8x16,12,80425274,65260959,68217985
solver,wide-8x16,13,79767090,62981442,65228987
solver,wide-8x16,14,77377707,63548785,67773542
solver,wide-8x16,15,83362187,66956947,67829556
solver,wide-8x16,16,87115614,68421331,70323455
solver,wide-8x16,17,79569417,63938811,69211220
solver,wide-8x16,18,78570902,63265002,66060083
solver,wide-8x16,19,79767590,62981876,68495019
solver,sparse-8x16,10,995335206,729529190,107499315
solver,sparse-8x16,11,1006125258,729615272,108299111
solver,sparse-8x16,12,920566497,668877135,108685982
solver,sparse-8x16,13,1015291070,737288124,102545266
solver,sparse-8x16,14,1012071759,758238492,108764301
solver,sparse-8x16,15,965344946,712999539,114043668
solver,sparse-8x16,16,961823367,702693966,107117054
solver,sparse-8x16,17,999955987,722434023,104197632
solver,sparse-8x16,18,1001464427,745855979,106746116
solver,sparse-8x16,19,1102071928,830376342,104247760
certified,unknown-4x4,10,3731669,3716847,22060643
certified,unknown-4x4,11,3731425,3710045,22600097
certified,unknown-4x4,12,3712613,3694307,23652114
certified,unknown-4x4,13,3710318,3692763,21964006
certified,unknown-4x4,14,3743001,3724701,22287389
certified,unknown-4x4,15,3725140,3707599,22271230
certified,unknown-4x4,16,3720839,3695494,22700818
certified,unknown-4x4,17,3715148,3693120,22181718
certified,unknown-4x4,18,3839329,3814780,21841699
certified,unknown-4x4,19,3727387,3707229,22312460
certified,present-4x4,10,4853954,4867795,22138143
certified,present-4x4,11,4860468,4881045,22170003
certified,present-4x4,12,4795133,4811654,22451132
certified,present-4x4,13,4820782,4839227,22148549
certified,present-4x4,14,4850055,4862491,22218618
certified,present-4x4,15,4862643,4877295,22194808
certified,present-4x4,16,4796617,4808030,22231126
certified,present-4x4,17,4819898,4833850,22234090
certified,present-4x4,18,4853727,4867628,22168932
certified,present-4x4,19,4861335,4877853,22147445
certified,absent-4x4,10,3963749,3937791,22190315
certified,absent-4x4,11,3958626,3937480,22189054
certified,absent-4x4,12,3939344,3917210,22190155
certified,absent-4x4,13,3957477,3934797,22181823
certified,absent-4x4,14,3984165,3956777,22815796
certified,absent-4x4,15,3956270,3931951,22171047
certified,absent-4x4,16,3938842,3927123,22246711
certified,absent-4x4,17,3957052,3934458,22214497
certified,absent-4x4,18,3960512,3942738,22189734
certified,absent-4x4,19,3957018,3934149,22178098
certified,shared-4x4,10,3621234,3616318,21521101
certified,shared-4x4,11,3632874,3626070,21863560
certified,shared-4x4,12,3603547,3594017,21584627
certified,shared-4x4,13,3570494,3559903,21721378
certified,shared-4x4,14,3702619,3694220,21310250
certified,shared-4x4,15,3630444,3622288,21273368
certified,shared-4x4,16,3603923,3591601,21594337
certified,shared-4x4,17,3571239,3561100,22270981
certified,shared-4x4,18,3656706,3646767,22067126
certified,shared-4x4,19,3631335,3624067,21255784
certified,blocked-4x4,10,3741731,3782747,29527043
certified,blocked-4x4,11,3746971,3778214,29933444
certified,blocked-4x4,12,3748170,3776389,31590010
certified,blocked-4x4,13,3743251,3777412,30893134
certified,blocked-4x4,14,3780492,3804650,31050680
certified,blocked-4x4,15,3754390,3777864,33966723
certified,blocked-4x4,16,3740722,3777449,33157104
certified,blocked-4x4,17,3746313,3778812,30253817
certified,blocked-4x4,18,3741198,3777499,32870097
certified,blocked-4x4,19,3745156,3788342,26890622
certified,wide-4x4,10,4111553,4055743,24211377
certified,wide-4x4,11,4113111,4055882,24786664
certified,wide-4x4,12,4113430,4056258,25860267
certified,wide-4x4,13,4114389,4052075,24012958
certified,wide-4x4,14,4122003,4062074,24355778
certified,wide-4x4,15,4112094,4062088,24294611
certified,wide-4x4,16,4118227,4056311,24897770
certified,wide-4x4,17,4109416,4054168,24320834
certified,wide-4x4,18,4219539,4154902,23820917
certified,wide-4x4,19,4112599,4062031,24306485
certified,sparse-4x4,10,20459219,19006337,30660882
certified,sparse-4x4,11,20430711,18994435,29575652
certified,sparse-4x4,12,20553966,19117730,29825156
certified,sparse-4x4,13,20282415,18829042,28951044
certified,sparse-4x4,14,20754512,19340398,29900547
certified,sparse-4x4,15,20458711,19036531,28947905
certified,sparse-4x4,16,20538728,19071137,29540994
certified,sparse-4x4,17,20470536,19011311,29218157
certified,sparse-4x4,18,20466090,19054861,29903707
certified,sparse-4x4,19,20428113,18988974,31596764
certified,unknown-8x16,10,63518742,53995460,55422647
certified,unknown-8x16,11,68806853,57863843,53571566
certified,unknown-8x16,12,63739508,55442244,52380192
certified,unknown-8x16,13,62922923,53408507,50805946
certified,unknown-8x16,14,60474995,53160981,51922697
certified,unknown-8x16,15,66767541,57282706,52315530
certified,unknown-8x16,16,70018338,58645155,54141400
certified,unknown-8x16,17,63090342,54342011,53371492
certified,unknown-8x16,18,62446818,53963671,51103831
certified,unknown-8x16,19,63285109,53751632,52410102
certified,present-8x16,10,134675140,127152350,51745145
certified,present-8x16,11,132985581,126210342,54434768
certified,present-8x16,12,138532936,133050185,53133846
certified,present-8x16,13,130252369,123908176,51295518
certified,present-8x16,14,133400609,128540287,56215091
certified,present-8x16,15,138051185,131939262,62448897
certified,present-8x16,16,138235797,129739771,53382780
certified,present-8x16,17,128909380,122760614,52028707
certified,present-8x16,18,131343392,125500378,52514592
certified,present-8x16,19,129791664,123411636,51288659
certified,absent-8x16,10,65559522,54747083,52868455
certified,absent-8x16,11,62928798,52806802,52091930
certified,absent-8x16,12,61936017,53185251,53495973
certified,absent-8x16,13,61149722,51512793,51862637
certified,absent-8x16,14,59689755,51534578,55291283
certified,absent-8x16,15,62091022,52660072,61918016
certified,absent-8x16,16,71209285,59233860,52400317
certified,absent-8x16,17,61344484,52060273,53114085
certified,absent-8x16,18,60302462,51199891,51819306
certified,absent-8x16,19,61419702,51763650,51431712
certified,shared-8x16,10,73010205,62917777,52773259
certified,shared-8x16,11,70550042,61216411,52148327
certified,shared-8x16,12,70812148,62707454,55758032
certified,shared-8x16,13,67917479,59077542,53978088
certified,shared-8x16,14,66434892,59205207,56809506
certified,shared-8x16,15,71931408,63214720,58154191
certified,shared-8x16,16,78711811,67514185,53756324
certified,shared-8x16,17,66863612,58222141,53217784
certified,shared-8x16,18,66878318,58706167,54084349
certified,shared-8x16,19,68162886,59311252,54010211
certified,blocked-8x16,10,76721758,66727691,164165438
certified,blocked-8x16,11,74189978,64863962,127239966
certified,blocked-8x16,12,73344433,65284722,192386188
certified,blocked-8x16,13,72572152,63630794,166887391
certified,blocked-8x16,14,71179954,63792880,173049185
certified,blocked-8x16,15,73536939,64811642,194195048
certified,blocked-8x16,16,82801416,71531041,149497837
certified,blocked-8x16,17,72630931,63972975,153356873
certified,blocked-8x16,18,71373823,63173453,200746647
certified,blocked-8x16,19,72588095,63633718,169219037
certified,wide-8x16,10,81906978,64996377,71183632
certified,wide-8x16,11,87357006,68918299,69545176
certified,wide-8x16,12,82239953,66978360,68217985
certified,wide-8x16,13,81318950,64475523,65228987
certified,wide-8x16,14,78965181,65277818,67773542
certified,wide-8x16,15,85316496,68658090,67829556
certified,wide-8x16,16,88867841,70304991,70323455
certified,wide-8x16,17,81226214,65604826,69211220
certified,wide-8x16,18,80307946,64834071,66060083
certified,wide-8x16,19,81327748,64486898,68495019
certified,sparse-8x16,10,1002826946,737862628,107499315
certified,sparse-8x16,11,1011740185,736107966,108299111
certified,sparse-8x16,12,923151272,673171699,108685982
certified,sparse-8x16,13,1022211074,747806734,102545266
certified,sparse-8x16,14,1013972424,764837262,108764301
certified,sparse-8x16,15,972220312,720352897,114043668
certified,sparse-8x16,16,972761706,711524050,107117054
certified,sparse-8x16,17,1003700409,730364211,104197632
certified,sparse-8x16,18,1006237536,753102405,106746116
certified,sparse-8x16,19,1110135987,838878268,104247760
