instance,seed,baseline_instructions,treatment_instructions,ratio
callback-absent-32x16,10,1011109493,42553223,0.042085672515785585
callback-absent-32x16,11,1011080386,42526584,0.04206053701451192
callback-absent-32x16,12,1011051614,42499527,0.04203497270714015
callback-absent-32x16,13,1011022455,42472900,0.04200984833714697
callback-absent-32x16,14,1010994142,42445097,0.04198352417357528
callback-absent-32x16,15,1010964670,42419003,0.041958937101135296
callback-absent-32x16,16,1010788609,42243926,0.041793037262057235
callback-absent-32x16,17,1011369800,42796333,0.04231521744074225
callback-absent-32x16,18,1011340944,42769877,0.04229026546758696
callback-absent-32x16,19,1011311650,42742453,0.04226437320285987
callback-absent-8x8,10,6376969,1678508,0.26321407552710385
callback-absent-8x8,11,6375382,1676656,0.2629891040254529
callback-absent-8x8,12,6373278,1674971,0.26281153905415705
callback-absent-8x8,13,6371610,1673816,0.2626990666409275
callback-absent-8x8,14,6369947,1672285,0.2625273020324973
callback-absent-8x8,15,6368846,1670352,0.2622691771790368
callback-absent-8x8,16,6358061,1661071,0.2612543352446603
callback-absent-8x8,17,6378601,1680192,0.2634107384989279
callback-absent-8x8,18,6377108,1677845,0.26310437270311243
callback-absent-8x8,19,6374691,1677699,0.2631812271371271
callback-blocked-32x16,10,32218100,4130032,0.12818980635108837
callback-blocked-32x16,11,32217945,4130040,0.12819067137894735
callback-blocked-32x16,12,32217691,4129665,0.12818004244934872
callback-blocked-32x16,13,32217282,4129221,0.1281678882780987
callback-blocked-32x16,14,32217509,4128844,0.12815528351369437
callback-blocked-32x16,15,32216940,4128927,0.12816012321468148
callback-blocked-32x16,16,32217103,4128909,0.12815891608876193
callback-blocked-32x16,17,32219227,4130176,0.1281897917662643
callback-blocked-32x16,18,32219024,4130260,0.1281932065974438
callback-blocked-32x16,19,32218175,4130808,0.12821359372466007
callback-blocked-8x8,10,1423733,916082,0.6434366556088817
callback-blocked-8x8,11,1424758,916103,0.6429884934845076
callback-blocked-8x8,12,1424719,915407,0.6425175771503012
callback-blocked-8x8,13,1424133,916152,0.643305084567242
callback-blocked-8x8,14,1423796,916092,0.6434152083585007
callback-blocked-8x8,15,1423792,915902,0.6432835695101532
callback-blocked-8x8,16,1423797,915936,0.6433051902764229
callback-blocked-8x8,17,1423630,916082,0.6434832084179176
callback-blocked-8x8,18,1423758,915644,0.6431177208486274
callback-blocked-8x8,19,1423948,915343,0.6428205243449902
callback-present-32x16,10,2670283508,1084658349,0.40619595101060707
callback-present-32x16,11,2645207985,1061439889,0.40126897205022616
callback-present-32x16,12,2620133435,1038222220,0.3962478422401415
callback-present-32x16,13,2595057248,1015003577,0.39112955129689686
callback-present-32x16,14,2569983362,991785794,0.3859113676238656
callback-present-32x16,15,2544906823,968567077,0.3805903887114534
callback-present-32x16,16,2540912261,964594777,0.37962537778473887
callback-present-32x16,17,2895961799,1293621702,0.4466984690359861
callback-present-32x16,18,2870886783,1270403104,0.442512436060771
callback-present-32x16,19,2845812210,1247184843,0.4382526853379408
callback-present-8x8,10,12985676,7076141,0.5449189553166119
callback-present-8x8,11,12803815,6907113,0.5394574195269144
callback-present-8x8,12,12621511,6738113,0.5338594562885537
callback-present-8x8,13,12438729,6568975,0.5281066096061744
callback-present-8x8,14,12256241,6400396,0.522215253437004
callback-present-8x8,15,12074071,6231218,0.5160826037879022
callback-present-8x8,16,12004237,6162917,0.5133951453974126
callback-present-8x8,17,13168441,7245565,0.5502219283209
callback-present-8x8,18,12986249,7076408,0.5449154717424562
callback-present-8x8,19,12803845,6906770,0.539429366725386
callback-shared-32x16,10,35533837,5863377,0.1650082708489939
callback-shared-32x16,11,35478167,5811924,0.16381691872638177
callback-shared-32x16,12,35422970,5761502,0.16264875587789504
callback-shared-32x16,13,35366715,5709762,0.16144451074972613
callback-shared-32x16,14,35311664,5658148,0.16023453326923365
callback-shared-32x16,15,35256438,5606904,0.1590320610380436
callback-shared-32x16,16,35245151,5596019,0.1587741530742768
callback-shared-32x16,17,36032292,6324612,0.17552621964764273
callback-shared-32x16,18,35977114,6273431,0.17437282490196407
callback-shared-32x16,19,35921246,6221586,0.17320072917292456
callback-shared-8x8,10,1448925,890483,0.6145818451610677
callback-shared-8x8,11,1445676,887396,0.6138277179672347
callback-shared-8x8,12,1441984,883917,0.6129866905596734
callback-shared-8x8,13,1439031,879811,0.6113912764909164
callback-shared-8x8,14,1434764,877550,0.611633690279377
callback-shared-8x8,15,1431967,873489,0.6099924090429458
callback-shared-8x8,16,1429296,871471,0.6097204497878675
callback-shared-8x8,17,1452470,892931,0.6147672585320179
callback-shared-8x8,18,1449351,889731,0.6138823514800763
callback-shared-8x8,19,1445997,886878,0.6133332226830346
callback-sparse-32x16,10,773405019,29755715,0.03847365128102433
callback-sparse-32x16,11,773404860,29755439,0.03847330232706322
callback-sparse-32x16,12,773401534,29751576,0.03846847296271331
callback-sparse-32x16,13,773399076,29749667,0.03846612689772595
callback-sparse-32x16,14,773397376,29746451,0.03846205317355512
callback-sparse-32x16,15,773395958,29745658,0.03846109834465931
callback-sparse-32x16,16,773383958,29735762,0.038448899401660463
callback-sparse-32x16,17,773420537,29768828,0.03848983389485557
callback-sparse-32x16,18,773421792,29766950,0.03848734326844517
callback-sparse-32x16,19,773417351,29766027,0.03848637085981279
callback-sparse-8x8,10,19527443,1970846,0.10092698772696455
callback-sparse-8x8,11,19526831,1970066,0.10089020589157555
callback-sparse-8x8,12,19527425,1970529,0.10091084718031179
callback-sparse-8x8,13,19526481,1969963,0.10088673939764159
callback-sparse-8x8,14,19526170,1969138,0.1008460952659943
callback-sparse-8x8,15,19526333,1968537,0.1008144744842772
callback-sparse-8x8,16,19522862,1965948,0.10069978469345324
callback-sparse-8x8,17,19528626,1971504,0.10095456792505525
callback-sparse-8x8,18,19527748,1970409,0.10090303295597629
callback-sparse-8x8,19,19526738,1970371,0.10090630600973906
callback-unknown-32x16,10,33853127,3944167,0.11650820321561432
callback-unknown-32x16,11,33851756,3942220,0.11645540633106301
callback-unknown-32x16,12,33848793,3940573,0.11641694284342724
callback-unknown-32x16,13,33847847,3939267,0.11638161210076375
callback-unknown-32x16,14,33846106,3937080,0.11632298262021634
callback-unknown-32x16,15,33843666,3935041,0.1162711214559321
callback-unknown-32x16,16,33833072,3923793,0.11597507314736304
callback-unknown-32x16,17,33869726,3958921,0.11688671470209118
callback-unknown-32x16,18,33867481,3957345,0.11684792854833224
callback-unknown-32x16,19,33866381,3955736,0.11680421359459696
callback-unknown-8x8,10,1408571,847353,0.60156924997036
callback-unknown-8x8,11,1408315,848387,0.6024128124744819
callback-unknown-8x8,12,1407733,846771,0.6015139234499725
callback-unknown-8x8,13,1407186,846972,0.6018905816288678
callback-unknown-8x8,14,1407477,846189,0.601209824387894
callback-unknown-8x8,15,1405707,845573,0.6015286258089346
callback-unknown-8x8,16,1403251,842686,0.6005240687517771
callback-unknown-8x8,17,1408832,847575,0.6016153806841412
callback-unknown-8x8,18,1408480,847960,0.6020390775871862
callback-unknown-8x8,19,1407810,848060,0.6023966302270903
callback-wide-32x16,10,159680910,4876481,0.030538910380708627
callback-wide-32x16,11,159681373,4876350,0.030538001448672414
callback-wide-32x16,12,159681143,4876916,0.030541589998513474
callback-wide-32x16,13,159680227,4877067,0.030542710839207413
callback-wide-32x16,14,159680353,4876181,0.03053713815374644
callback-wide-32x16,15,159680404,4877419,0.030544881386948396
callback-wide-32x16,16,159680737,4876660,0.030540064453735583
callback-wide-32x16,17,159680522,4876913,0.03054168998771184
callback-wide-32x16,18,159680344,4877199,0.03054351511166584
callback-wide-32x16,19,159680402,4877078,0.030542746253857753
callback-wide-8x8,10,3621839,953305,0.26321020895738323
callback-wide-8x8,11,3620882,952920,0.26317344779531615
callback-wide-8x8,12,3621137,953268,0.2632510175671343
callback-wide-8x8,13,3621873,952687,0.2630371081481874
callback-wide-8x8,14,3621538,952841,0.2631039630123997
callback-wide-8x8,15,3621367,952859,0.26312135721124097
callback-wide-8x8,16,3621597,953016,0.26314799796885185
callback-wide-8x8,17,3621324,952597,0.2630521323140376
callback-wide-8x8,18,3621726,952567,0.26301465102550553
callback-wide-8x8,19,3621304,953190,0.26321733828477256
certified-absent-4x4,10,5205209,4068403,0.781602237297292
certified-absent-4x4,11,5201343,4051393,0.7789128692339652
certified-absent-4x4,12,5179800,4030323,0.77808467508398
certified-absent-4x4,13,5201504,4052571,0.7791152328249675
certified-absent-4x4,14,5212950,4066296,0.7800374068425747
certified-absent-4x4,15,5198658,4053492,0.7797189197673707
certified-absent-4x4,16,5176379,4032554,0.7790298971539757
certified-absent-4x4,17,5197041,4055955,0.7804354439381949
certified-absent-4x4,18,5202257,4059425,0.780319964969051
certified-absent-4x4,19,5198750,4052355,0.7794864150036066
certified-blocked-4x4,10,5817998,4903147,0.8427550164162999
certified-blocked-4x4,11,5826541,4899017,0.8408105254901664
certified-blocked-4x4,12,5817078,4895003,0.8414882867308983
certified-blocked-4x4,13,5820583,4898341,0.8415550469772529
certified-blocked-4x4,14,5854455,4934139,0.8428007389244601
certified-blocked-4x4,15,5818183,4896356,0.8415610165579185
certified-blocked-4x4,16,5816727,4896689,0.8418289185653719
certified-blocked-4x4,17,5818132,4904040,0.8428890922378522
certified-blocked-4x4,18,5818408,4898205,0.8418462576017357
certified-blocked-4x4,19,5819337,4895431,0.841235178509167
certified-present-4x4,10,6309217,5097119,0.8078845600016611
certified-present-4x4,11,6293493,5085505,0.808057623961765
certified-present-4x4,12,6225961,5016883,0.8058005824321739
certified-present-4x4,13,6300207,5081624,0.8065804821968549
certified-present-4x4,14,6286878,5081802,0.8083188507873065
certified-present-4x4,15,6290341,5086539,0.8086269090976149
certified-present-4x4,16,6220576,5020432,0.8070686701681645
certified-present-4x4,17,6300091,5081819,0.806626285239372
certified-present-4x4,18,6306626,5098929,0.8085034692084166
certified-present-4x4,19,6295919,5088815,0.8082719933340947
certified-shared-4x4,10,4782813,3779528,0.7902311882149688
certified-shared-4x4,11,4785178,3784173,0.7908113344999914
certified-shared-4x4,12,4756921,3756460,0.7896830744088456
certified-shared-4x4,13,4731878,3731515,0.7885907033106094
certified-shared-4x4,14,4865400,3868904,0.7951872405146545
certified-shared-4x4,15,4783592,3787901,0.7918528586886172
certified-shared-4x4,16,4759025,3754833,0.7889920729561202
certified-shared-4x4,17,4734402,3736031,0.7891241597143631
certified-shared-4x4,18,4816888,3815518,0.7921126669335056
certified-shared-4x4,19,4783913,3787054,0.7916226737400952
certified-sparse-4x4,10,137958688,23767615,0.17228066854332508
certified-sparse-4x4,11,137945581,23736122,0.17206873774376288
certified-sparse-4x4,12,138645750,23701626,0.1709509739750407
certified-sparse-4x4,13,137754898,23572732,0.17112082649867014
certified-sparse-4x4,14,138862998,23779500,0.17124432240761503
certified-sparse-4x4,15,138000539,23765097,0.1722101752080838
certified-sparse-4x4,16,138085956,23899340,0.1730758195279468
certified-sparse-4x4,17,137886029,23645670,0.1714870619705786
certified-sparse-4x4,18,137905208,23668267,0.17162707154613044
certified-sparse-4x4,19,137930585,23744653,0.17214929524151587
certified-unknown-4x4,10,4943088,3826773,0.7741664724560842
certified-unknown-4x4,11,4938697,3822669,0.7740237961551397
certified-unknown-4x4,12,4923595,3805395,0.7728895248289106
certified-unknown-4x4,13,4922538,3803511,0.7726727553956922
certified-unknown-4x4,14,4951208,3829254,0.7733979263242425
certified-unknown-4x4,15,4939004,3818802,0.7731927327858006
certified-unknown-4x4,16,4923683,3804419,0.7726774855326795
certified-unknown-4x4,17,4920756,3803773,0.7730058145536987
certified-unknown-4x4,18,5104262,3984260,0.780575135053804
certified-unknown-4x4,19,4941162,3821139,0.773328014746329
certified-wide-4x4,10,7226717,4230941,0.585458237813934
certified-wide-4x4,11,7232378,4232022,0.585149448770515
certified-wide-4x4,12,7232854,4234129,0.5854022492366084
certified-wide-4x4,13,7227472,4232145,0.5855636659678516
certified-wide-4x4,14,7233793,4227054,0.584348211235793
certified-wide-4x4,15,7232043,4234152,0.5854710764302701
certified-wide-4x4,16,7231007,4231991,0.5852561060997452
certified-wide-4x4,17,7229566,4230648,0.58518699462734
certified-wide-4x4,18,7371829,4388448,0.5952997553253067
certified-wide-4x4,19,7229998,4233160,0.58549947040096
solver-absent-4x4,10,4760939,3612054,0.7586852089472266
solver-absent-4x4,11,4753233,3606111,0.7586648918746461
solver-absent-4x4,12,4733389,3585412,0.7574725001473575
solver-absent-4x4,13,4754459,3607086,0.7586743307703359
solver-absent-4x4,14,4766836,3623168,0.7600781734467056
solver-absent-4x4,15,4754138,3606215,0.758542347740011
solver-absent-4x4,16,4733075,3587342,0.7579305208558917
solver-absent-4x4,17,4754318,3606881,0.7586537122674588
solver-absent-4x4,18,4761364,3614397,0.7591095744832783
solver-absent-4x4,19,4754072,3605832,0.7584723159430484
solver-blocked-4x4,10,5453222,4529975,0.8306969714418375
solver-blocked-4x4,11,5452425,4528612,0.8305684168053664
solver-blocked-4x4,12,5449880,4531202,0.8314315177581891
solver-blocked-4x4,13,5452252,4528830,0.830634754226327
solver-blocked-4x4,14,5481371,4561574,0.8321958137845441
solver-blocked-4x4,15,5454574,4529313,0.830369704398547
solver-blocked-4x4,16,5449941,4528392,0.830906609814675
solver-blocked-4x4,17,5452500,4530416,0.8308878496102705
solver-blocked-4x4,18,5449686,4530963,0.8314172596366103
solver-blocked-4x4,19,5449564,4530223,0.8313000819882105
solver-present-4x4,10,5874398,4669212,0.7948409351902952
solver-present-4x4,11,5861004,4656395,0.7944705378122929
solver-present-4x4,12,5797400,4595298,0.7926480836236934
solver-present-4x4,13,5863661,4655695,0.7939911601301645
solver-present-4x4,14,5855081,4646367,0.7935615237432241
solver-present-4x4,15,5861704,4658713,0.7947711109261061
solver-present-4x4,16,5795519,4594418,0.792753504906118
solver-present-4x4,17,5864439,4653293,0.7934762387331508
solver-present-4x4,18,5872632,4667773,0.7948349223993603
solver-present-4x4,19,5859877,4656433,0.7946298190217986
solver-shared-4x4,10,4446554,3446338,0.7750581686402549
solver-shared-4x4,11,4444210,3450517,0.7764072804840455
solver-shared-4x4,12,4417642,3419851,0.7741349344288198
solver-shared-4x4,13,4395896,3395752,0.7724823335219941
solver-shared-4x4,14,4523744,3526123,0.7794700584294779
solver-shared-4x4,15,4445229,3450850,0.776304212898818
solver-shared-4x4,16,4418886,3420426,0.7740471240941722
solver-shared-4x4,17,4395274,3393005,0.7719666623741773
solver-shared-4x4,18,4463401,3467063,0.7767760503705582
solver-shared-4x4,19,4443870,3450678,0.7765029130015054
solver-sparse-4x4,10,136173496,22325015,0.16394537597830344
solver-sparse-4x4,11,136146290,22292016,0.16373575805848253
solver-sparse-4x4,12,136650317,22270958,0.16297772657197715
solver-sparse-4x4,13,135972053,22120290,0.16268262125894356
solver-sparse-4x4,14,135816235,22322420,0.16435752323718883
solver-sparse-4x4,15,135846028,22308475,0.1642188242706662
solver-sparse-4x4,16,136286837,22446538,0.16470070400122352
solver-sparse-4x4,17,137106417,22225159,0.16210152293601254
solver-sparse-4x4,18,135752506,22221796,0.16369344960747906
solver-sparse-4x4,19,136144556,22292115,0.16373857064104716
solver-unknown-4x4,10,4592224,3473371,0.7563592281212763
solver-unknown-4x4,11,4585438,3467486,0.7561951551847391
solver-unknown-4x4,12,4571773,3454692,0.7556569409723536
solver-unknown-4x4,13,4571137,3451113,0.7549791222621418
solver-unknown-4x4,14,4596283,3478479,0.7568026163750143
solver-unknown-4x4,15,4586683,3467634,0.7560221624210786
solver-unknown-4x4,16,4570436,3455121,0.7559718591399157
solver-unknown-4x4,17,4569613,3454489,0.7559697068438838
solver-unknown-4x4,18,4745801,3633651,0.7656559977967892
solver-unknown-4x4,19,4585343,3466915,0.7560862949620126
solver-wide-4x4,10,6869048,3876084,0.5642825614262704
solver-wide-4x4,11,6867462,3877912,0.5646790619300114
solver-wide-4x4,12,6871540,3879800,0.5646187026488968
solver-wide-4x4,13,6870052,3877414,0.5643936901787643
solver-wide-4x4,14,6879653,3877582,0.5636304621759266
solver-wide-4x4,15,6869261,3878903,0.5646754432536484
solver-wide-4x4,16,6868355,3881004,0.5650558248663617
solver-wide-4x4,17,6869701,3879195,0.564681781637949
solver-wide-4x4,18,7013589,4030888,0.5747254365774784
solver-wide-4x4,19,6868110,3878852,0.5647626494042757
